timestamp,date,open,high,low,close,volume_from,volume_to
1652227200,2022-05-10,31013.12,32136.04,28087.41,29017.21,131586.22,3967102738.94
1652140800,2022-05-09,30076.9,32625.41,29836.19,31013.12,103840.6,3244062170.09
1652054400,2022-05-08,34033.77,34229.57,30068.1,30076.9,108479.24,3472851115.69
1651968000,2022-05-07,35469.21,35503.12,33732.4,34033.77,41023.3,1413921299.77
1651881600,2022-05-06,36009.89,36129.02,34837.06,35469.21,20043.0,713980596.97
1651795200,2022-05-05,36546.86,36654.02,35318.86,36009.89,46629.65,1682230363.22
1651708800,2022-05-04,39680.21,39831.19,35616.74,36546.86,51315.2,1920976838.73
1651622400,2022-05-03,37725.38,40004.37,37665.8,39680.21,36519.07,1426469839.29
1651536000,2022-05-02,38513.01,38644.5,37519.23,37725.38,28729.95,1095654277.96
1651449600,2022-05-01,38480.53,39155.96,38057.31,38513.01,29810.45,1152557748.76
1651363200,2022-04-30,37650.13,38668.0,37461.76,38480.53,17299.6,659030267.75
1651276800,2022-04-29,38594.22,38788.01,37607.77,37650.13,13696.14,525291276.33
1651190400,2022-04-28,39749.75,39922.6,38179.15,38594.22,24745.92,964020058.19
1651104000,2022-04-27,39252.04,40386.5,38892.1,39749.75,29981.12,1188927763.73
1651017600,2022-04-26,38117.39,39465.62,37900.6,39252.04,34510.32,1341340920.21
1650931200,2022-04-25,40437.52,40797.85,37726.59,38117.39,38188.24,1492483889.14
1650844800,2022-04-24,39466.26,40590.8,38234.7,40437.52,38636.23,1514243711.31
1650758400,2022-04-23,39445.97,39943.44,39044.29,39466.26,12668.56,501272140.43
1650672000,2022-04-22,39716.04,39988.54,39305.67,39445.97,11481.51,455659637.8
1650585600,2022-04-21,40490.97,40794.73,39190.22,39716.04,28863.91,1154693915.31
1650499200,2022-04-20,41375.35,42996.5,39864.73,40490.97,31792.3,1324052657.83
1650412800,2022-04-19,41504.44,42208.1,40919.04,41375.35,25834.31,1072814871.19
1650326400,2022-04-18,40811.03,41755.93,40588.12,41504.44,18644.77,768239204.72
1650240000,2022-04-17,39688.16,41096.46,38569.14,40811.03,27721.5,1101204133.54
1650153600,2022-04-16,40392.55,40602.63,39563.9,39688.16,9701.08,389893199.53
1650067200,2022-04-15,40563.69,40698.01,40019.08,40392.55,7771.05,313875941.14
1649980800,2022-04-14,39951.63,40800.76,39779.2,40563.69,13944.94,561514975.78
1649894400,2022-04-13,41150.33,41503.56,39587.14,39951.63,21473.52,870654332.34
1649808000,2022-04-12,40086.66,41538.17,39591.74,41150.33,24390.05,990022174.31
1649721600,2022-04-11,39536.71,40673.93,39266.86,40086.66,27198.43,1087667635.69
1649635200,2022-04-10,42153.77,42422.86,39229.4,39536.71,34885.37,1423397890.93
1649548800,2022-04-09,42768.61,43442.48,41921.59,42153.77,12859.53,549311405.43
1649462400,2022-04-08,42273.38,42813.04,42136.04,42768.61,9050.96,384171498.87
1649376000,2022-04-07,43466.21,43982.39,42123.42,42273.38,25455.2,1098738940.21
1649289600,2022-04-06,43177.78,43894.7,42766.45,43466.21,22801.41,989892880.8
1649203200,2022-04-05,45501.58,45518.32,43129.76,43177.78,43268.81,1918395755.34
1649116800,2022-04-04,46609.36,47187.66,45382.83,45501.58,24206.2,1118296319.71
1649030400,2022-04-03,46414.26,46893.71,45136.03,46609.36,24886.34,1145480471.77
1648944000,2022-04-02,45822.28,47432.6,45565.57,46414.26,17415.21,809819360.86
1648857600,2022-04-01,46299.75,47208.84,45655.15,45822.28,16494.27,765849775.02
1648771200,2022-03-31,45522.65,46726.2,44256.66,46299.75,34247.82,1558891962.07
1648684800,2022-03-30,47056.41,47599.87,45220.41,45522.65,29105.61,1350600519.47
1648598400,2022-03-29,47445.3,47690.62,46606.97,47056.41,24550.14,1158606188.62
1648512000,2022-03-28,47128.71,48054.67,47018.87,47445.3,27820.54,1324122253.95
1648425600,2022-03-27,46842.14,48208.48,46669.19,47128.71,35796.78,1697234773.76
1648339200,2022-03-26,44542.31,46896.6,44449.41,46842.14,22676.91,1035071605.98
1648252800,2022-03-25,44331.36,44811.3,44108.04,44542.31,11559.16,513402297.27
1648166400,2022-03-24,44006.77,45112.71,43629.05,44331.36,34465.44,1529847572.88
1648080000,2022-03-23,42904.1,44230.66,42653.71,44006.77,34879.48,1514036890.73
1647993600,2022-03-22,42380.11,43021.74,41806.4,42904.1,26406.13,1116852856.74
1647907200,2022-03-21,41043.9,43287.39,40923.9,42380.11,37636.83,1597913842.6
1647820800,2022-03-20,41243.16,41510.03,40555.57,41043.9,21865.63,897693606.33
1647734400,2022-03-19,42235.02,42297.3,40979.25,41243.16,15580.67,647551620.15
1647648000,2022-03-18,41790.97,42367.55,41549.61,42235.02,15244.76,638860853.99
1647561600,2022-03-17,40956.79,42250.94,40230.1,41790.97,31863.74,1310605069.99
1647475200,2022-03-16,41133.64,41441.08,40581.36,40956.79,18001.83,736387236.02
1647388800,2022-03-15,39314.86,41638.54,38933.24,41133.64,54967.36,2217384588.25
1647302400,2022-03-14,39696.28,39863.78,38259.88,39314.86,30642.09,1196862773.71
1647216000,2022-03-13,37796.31,39802.89,37566.52,39696.28,32100.73,1245884221.15
1647129600,2022-03-12,38805.53,39254.88,37633.11,37796.31,17796.13,687723583.56
1647043200,2022-03-11,38741.03,39414.02,38696.52,38805.53,11886.69,464694957.41
1646956800,2022-03-10,39443.42,40221.93,38261.24,38741.03,39197.4,1527385235.35
1646870400,2022-03-09,41962.85,42043.56,38853.45,39443.42,42472.49,1683595949.7
1646784000,2022-03-08,38748.52,42557.95,38685.96,41962.85,47211.82,1960521974.24
1646697600,2022-03-07,38030.63,39361.33,37905.43,38748.52,35521.85,1373819361.89
1646611200,2022-03-06,38428.92,39536.14,37191.99,38030.63,40474.56,1547870219.6
1646524800,2022-03-05,39407.02,39686.74,38133.84,38428.92,21034.62,818379145.11
1646438400,2022-03-04,39154.4,39596.42,38652.98,39407.02,15938.79,624289503.91
1646352000,2022-03-03,42474.37,42520.95,38621.24,39154.4,50126.39,2043287977.87
1646265600,2022-03-02,43935.37,44079.17,41852.46,42474.37,36512.65,1565020513.9
1646179200,2022-03-01,44428.47,45069.78,43387.92,43935.37,37389.51,1652867992.22
1646092800,2022-02-28,43189.46,44883.1,42893.5,44428.47,48462.11,2121207162.06
1646006400,2022-02-27,37714.96,43953.92,37473.3,43189.46,55323.43,2231772118.95
1645920000,2022-02-26,39134.83,39861.91,37039.71,37714.96,30834.07,1184510440.64
1645833600,2022-02-25,39239.77,40228.13,38605.65,39134.83,18649.99,732995982.54
1645747200,2022-02-24,38353.62,39710.26,38043.51,39239.77,39454.29,1536575836.24
1645660800,2022-02-23,37270.85,39182.44,34349.58,38353.62,93348.71,3367553842.97
1645574400,2022-02-22,38267.75,39260.51,37083.83,37270.85,31850.78,1218156854.61
1645488000,2022-02-21,37037.39,38458.26,36371.68,38267.75,42886.39,1605539398.15
1645401600,2022-02-20,38397.25,39495.33,36862.52,37037.39,47549.32,1819938918.66
1645315200,2022-02-19,40107.12,40142.98,38019.97,38397.25,23028.66,890707081.68
1645228800,2022-02-18,39994.66,40464.62,39664.71,40107.12,11674.81,467744109.72
1645142400,2022-02-17,40545.09,40980.65,39496.7,39994.66,32514.79,1308787736.51
1645056000,2022-02-16,43896.34,44187.88,40104.04,40545.09,39645.29,1669164372.28
1644969600,2022-02-15,44576.33,44583.03,43361.09,43896.34,20597.85,905511530.54
1644883200,2022-02-14,42552.28,44771.91,42452.02,44576.33,27548.28,1210638166.2
1644796800,2022-02-13,42069.84,42857.15,41581.41,42552.28,27975.8,1183004344.86
1644710400,2022-02-12,42239.01,42773.35,41900.31,42069.84,12420.62,525779246.0
1644624000,2022-02-11,42398.98,43041.72,41775.79,42239.01,17662.13,747480841.84
1644537600,2022-02-10,43531.67,43950.88,42010.61,42398.98,39322.02,1694547021.08
1644451200,2022-02-09,44422.91,45837.02,43254.41,43531.67,45532.09,2027452816.67
1644364800,2022-02-08,44080.12,44849.9,43167.21,44422.91,27461.26,1207982275.77
1644278400,2022-02-07,43861.07,45483.65,42704.39,44080.12,44964.2,1972336800.82
1644192000,2022-02-06,42412.41,44518.11,41689.77,43861.07,42425.21,1836978530.57
1644105600,2022-02-05,41418.21,42671.81,41152.05,42412.41,14391.14,600848486.11
1644019200,2022-02-04,41590.34,41954.24,40963.47,41418.21,22244.16,923755180.09
1643932800,2022-02-03,37328.64,41737.83,37060.18,41590.34,50443.53,1978064223.39
1643846400,2022-02-02,36918.19,37411.52,36270.47,37328.64,27541.76,1012101574.73
1643760000,2022-02-01,38721.49,38883.19,36650.8,36918.19,29144.5,1099971099.08
1643673600,2022-01-31,38494.66,39281.06,38033.98,38721.49,32504.03,1255765239.87
1643587200,2022-01-30,37908.44,38769.81,36660.7,38494.66,34716.41,1310842543.43
1643500800,2022-01-29,38184.86,38364.51,37377.53,37908.44,17354.8,658154943.17
1643414400,2022-01-28,37744.7,38728.29,37343.45,38184.86,24097.29,913551592.58
1643328000,2022-01-27,37189.85,38021.06,36176.78,37744.7,38853.31,1439590445.61
1643241600,2022-01-26,36829.37,37242.79,35543.94,37189.85,46006.99,1671118834.49
1643155200,2022-01-25,36975.99,38930.36,36275.92,36829.37,57460.0,2163384356.61
1643068800,2022-01-24,36702.79,37555.35,35732.05,36975.99,44562.17,1632275610.85
1642982400,2022-01-23,36288.15,37469.19,32990.72,36702.79,94597.7,3289034581.3
1642896000,2022-01-22,35075.92,36539.19,34648.38,36288.15,39599.36,1405386710.59
1642809600,2022-01-21,36469.3,36811.86,34130.35,35075.92,68447.95,2419705021.17
1642723200,2022-01-20,40697.03,41116.66,35494.42,36469.3,94195.63,3610621840.61
1642636800,2022-01-19,41674.8,43513.14,40564.32,40697.03,35135.79,1482814889.83
1642550400,2022-01-18,42372.75,42575.28,41144.83,41674.8,32436.62,1359832054.32
1642464000,2022-01-17,42224.38,42682.77,41301.01,42372.75,26287.26,1099916846.37
1642377600,2022-01-16,43100.36,43198.05,41571.67,42224.38,20310.91,861459661.83
1642291200,2022-01-15,43088.74,43484.21,42617.07,43100.36,12615.04,543620929.25
1642204800,2022-01-14,43089.83,43811.94,42589.82,43088.74,14075.12,607715303.39
1642118400,2022-01-13,42575.61,43467.05,41785.44,43089.83,27290.3,1165100829.55
1642032000,2022-01-12,43919.67,44442.67,42334.75,42575.61,29159.4,1263083590.1
1641945600,2022-01-11,42743.03,44293.83,42471.08,43919.67,31859.05,1384575768.8
1641859200,2022-01-10,41832.59,43122.32,41279.45,42743.03,36554.37,1545270650.68
1641772800,2022-01-09,41869.6,42251.07,39667.6,41832.59,51976.97,2140270933.32
1641686400,2022-01-08,41686.67,42800.66,41237.13,41869.6,21486.68,901652458.82
1641600000,2022-01-07,41543.79,42306.77,40534.37,41686.67,27559.19,1143171232.86
1641513600,2022-01-06,43094.54,43138.79,40750.42,41543.79,51310.46,2146452950.19
1641427200,2022-01-05,43432.51,43779.23,42468.76,43094.54,36804.78,1585314774.47
1641340800,2022-01-04,45824.54,47067.18,42510.86,43432.51,47769.2,2152187256.39
1641254400,2022-01-03,46450.79,47529.48,45587.91,45824.54,29035.93,1349229422.84
1641168000,2022-01-02,47306.41,47572.23,45707.55,46450.79,21681.38,1011309525.84
1641081600,2022-01-01,47737.35,47979.26,46666.18,47306.41,13025.66,615453426.93
1640995200,2021-12-31,46197.31,47950.29,46196.03,47737.35,16697.92,786729972.03
1640908800,2021-12-30,47129.66,48573.22,45665.44,46197.31,34737.79,1636014399.31
1640822400,2021-12-29,46471.7,47917.89,45964.28,47129.66,39311.18,1852206857.29
1640736000,2021-12-28,47536.39,48145.34,46107.79,46471.7,33749.8,1599557104.64
1640649600,2021-12-27,50714.73,50718.53,47317.78,47536.39,40699.4,1985905082.17
1640563200,2021-12-26,50790.88,52079.46,50481.26,50714.73,21873.37,1120188136.96
1640476800,2021-12-25,50431.63,51283.7,49485.62,50790.88,14663.26,736617761.86
1640390400,2021-12-24,50840.36,51158.56,50199.56,50431.63,11532.27,585818997.15
1640304000,2021-12-23,50830.2,51863.56,50449.36,50840.36,21669.58,1107244995.18
1640217600,2021-12-22,48614.97,51382.88,48062.25,50830.2,30734.43,1525047125.27
1640131200,2021-12-21,48917.48,49581.41,48460.43,48614.97,20998.03,1028434929.44
1640044800,2021-12-20,46913.54,49334.04,46661.88,48917.48,31921.06,1546447524.57
1639958400,2021-12-19,46697.13,47495.72,45586.49,46913.54,32678.5,1517599333.73
1639872000,2021-12-18,46861.62,48286.29,46459.66,46697.13,21907.14,1035963939.83
1639785600,2021-12-17,46164.14,47356.67,45522.92,46861.62,18781.81,874187163.05
1639699200,2021-12-16,47635.92,48004.37,45505.02,46164.14,37546.89,1756062773.63
1639612800,2021-12-15,48885.05,49451.4,47546.15,47635.92,26205.68,1271265804.99
1639526400,2021-12-14,48387.69,49499.91,46562.1,48885.05,44270.94,2132679583.02
1639440000,2021-12-13,46731.03,48665.63,46320.4,48387.69,34838.49,1646492085.28
1639353600,2021-12-12,50109.99,50215.42,45800.52,46731.03,49444.13,2353893179.4
1639267200,2021-12-11,49398.4,50807.75,48689.25,50109.99,21546.75,1072562349.4
1639180800,2021-12-10,47191.14,49504.07,46829.85,49398.4,24394.48,1181186604.23
1639094400,2021-12-09,47593.85,50047.85,46989.42,47191.14,39527.74,1905617871.17
1639008000,2021-12-08,50513.04,50829.41,47347.73,47593.85,34472.44,1681556175.72
1638921600,2021-12-07,50633.01,51215.6,48711.85,50513.04,25732.2,1290175070.3
1638835200,2021-12-06,50552.83,51953.27,50083.33,50633.01,29306.55,1496164576.66
1638748800,2021-12-05,49465.5,50986.02,47260.2,50552.83,49875.62,2437856119.9
1638662400,2021-12-04,49243.39,49764.31,47840.63,49465.5,42264.26,2074283149.33
1638576000,2021-12-03,53663.25,53871.2,43563.07,49243.39,89255.49,4315348557.56
1638489600,2021-12-02,56522.76,57639.15,52493.23,53663.25,44903.19,2461497753.56
1638403200,2021-12-01,57227.97,57409.48,55850.4,56522.76,30214.7,1712170975.38
1638316800,2021-11-30,56975.35,59096.53,56505.99,57227.97,36078.24,2072824070.98
1638230400,2021-11-29,57839.55,59226.33,55931.33,56975.35,41466.86,2383744473.31
1638144000,2021-11-28,57331.41,58898.57,56752.37,57839.55,29291.8,1690005715.85
1638057600,2021-11-27,54805.03,57475.26,53436.05,57331.41,21562.34,1186994646.57
1637971200,2021-11-26,53788.22,55316.65,53668.95,54805.03,18504.73,1010585542.47
1637884800,2021-11-25,58966.99,59201.95,53575.54,53788.22,60064.72,3312563227.95
1637798400,2021-11-24,57175.09,59437.04,57056.64,58966.99,24221.47,1412787308.46
1637712000,2021-11-23,57566.6,57740.34,55899.88,57175.09,28738.13,1630017073.7
1637625600,2021-11-22,56303.06,57873.77,55485.59,57566.6,37871.22,2153848949.04
1637539200,2021-11-21,58700.83,59391.98,55673.01,56303.06,41371.1,2371226089.18
1637452800,2021-11-20,59769.66,60058.65,58575.6,58700.83,14990.7,888045056.17
1637366400,2021-11-19,58136.22,59901.9,57450.63,59769.66,16773.71,985075173.7
1637280000,2021-11-18,56930.68,58403.92,55655.03,58136.22,36833.38,2107344590.7
1637193600,2021-11-17,60365.6,60964.37,56535.61,56930.68,63523.43,3718546724.95
1637107200,2021-11-16,60108.9,60837.09,58566.05,60365.6,43164.9,2582737930.61
1637020800,2021-11-15,63614.06,63614.53,58745.71,60108.9,61509.16,3740808475.72
1636934400,2021-11-14,65509.06,66335.42,63442.58,63614.06,25263.23,1639253320.63
1636848000,2021-11-13,64409.56,65509.06,63616.33,65509.06,14680.72,947303706.23
1636761600,2021-11-12,64156.3,64967.34,63406.98,64409.56,12719.98,815997863.99
1636675200,2021-11-11,64820.8,65466.0,62315.02,64156.3,32742.19,2090846686.0
1636588800,2021-11-10,64926.06,65585.68,64130.37,64820.8,21475.67,1393819061.45
1636502400,2021-11-09,66939.24,68978.64,63196.25,64926.06,50591.31,3365466815.36
1636416000,2021-11-08,67549.14,68514.26,66312.42,66939.24,32745.53,2209551778.82
1636329600,2021-11-07,63302.78,67755.46,63302.78,67549.14,39774.17,2614939972.01
1636243200,2021-11-06,61529.76,63309.57,61406.56,63302.78,14937.9,929571983.79
1636156800,2021-11-05,61019.66,61594.16,60130.85,61529.76,15432.25,939530051.87
1636070400,2021-11-04,61448.47,62621.97,60789.16,61019.66,20540.56,1262030165.48
1635984000,2021-11-03,62929.93,63102.86,60745.84,61448.47,23030.57,1420765190.91
1635897600,2021-11-02,63260.05,63553.52,61057.89,62929.93,29618.09,1852233940.61
1635811200,2021-11-01,60960.98,64283.57,60677.48,63260.05,36009.96,2260756044.28
1635724800,2021-10-31,61349.75,62482.31,59554.88,60960.98,31925.65,1955088666.05
1635638400,2021-10-30,61891.91,62420.57,60022.06,61349.75,19359.29,1181933822.61
1635552000,2021-10-29,62282.5,62371.52,60774.38,61891.91,15917.35,979987095.61
1635465600,2021-10-28,60610.11,62967.45,60269.97,62282.5,35214.62,2168021242.77
1635379200,2021-10-27,58464.42,62252.08,58145.43,60610.11,51251.1,3090102767.38
1635292800,2021-10-26,60315.68,61473.0,58128.18,58464.42,45852.35,2719093218.08
1635206400,2021-10-25,63089.04,63290.04,59868.68,60315.68,28107.19,1738003094.57
1635120000,2021-10-24,60863.56,63709.97,60658.35,63089.04,24693.91,1549308691.98
1635033600,2021-10-23,61313.09,61481.25,59529.34,60863.56,19158.07,1158838824.68
1634947200,2021-10-22,60693.59,61733.43,59705.11,61313.09,16232.5,990360071.85
1634860800,2021-10-21,62283.96,63731.17,60017.23,60693.59,40476.42,2504718475.2
1634774400,2021-10-20,66021.02,66645.73,62076.16,62283.96,62097.42,3962470063.85
1634688000,2021-10-19,64283.97,66980.66,63543.7,66021.02,45364.94,2978059285.56
1634601600,2021-10-18,62038.16,64468.7,61410.11,64283.97,42983.11,2706420467.09
1634515200,2021-10-17,61520.54,62662.72,59925.93,62038.16,50489.09,3113486441.7
1634428800,2021-10-16,60877.77,61698.1,59050.3,61520.54,23336.32,1414498881.98
1634342400,2021-10-15,61684.96,62341.46,60153.79,60877.77,22943.96,1404879137.37
1634256000,2021-10-14,57359.21,62889.98,56885.66,61684.96,62053.36,3737889743.83
1634169600,2021-10-13,57369.0,58514.76,56854.38,57359.21,28061.61,1617497364.76
1634083200,2021-10-12,56010.9,57768.98,54279.61,57369.0,34054.43,1906230334.0
1633996800,2021-10-11,57498.8,57646.93,54098.22,56010.9,33966.65,1913353762.18
1633910400,2021-10-10,54700.24,57825.98,54448.68,57498.8,31803.75,1805863526.52
1633824000,2021-10-09,54968.04,56473.63,54131.52,54700.24,23094.98,1276001425.96
1633737600,2021-10-08,53949.29,55485.2,53696.32,54968.04,14593.95,799607238.61
1633651200,2021-10-07,53796.22,56047.91,53666.09,53949.29,29127.91,1592265868.06
1633564800,2021-10-06,55343.24,55359.77,53391.93,53797.21,33806.76,1836529821.85
1633478400,2021-10-05,51504.27,55656.67,50439.32,55345.85,64415.98,3444996109.53
1633392000,2021-10-04,49276.91,51885.03,49087.72,51504.27,40687.89,2049372160.16
1633305600,2021-10-03,48234.05,49501.21,46944.28,49276.91,34394.0,1664027525.19
1633219200,2021-10-02,47669.02,49185.34,47137.07,48234.05,18588.83,895606844.23
1633132800,2021-10-01,48164.35,48347.69,47468.49,47669.02,16062.18,769022184.37
1633046400,2021-09-30,43829.34,48470.13,43304.82,48164.35,53577.95,2498575570.28
1632960000,2021-09-29,41539.43,44106.6,41436.79,43829.34,33984.98,1469981944.79
1632873600,2021-09-28,41056.79,42603.18,40790.67,41539.43,26354.27,1100252801.68
1632787200,2021-09-27,42187.51,42781.24,40924.13,41056.79,31946.42,1335757058.57
1632700800,2021-09-26,43201.79,44360.41,42139.24,42187.51,26251.27,1140232492.25
1632614400,2021-09-25,42721.91,43928.49,40825.4,43201.79,27847.04,1187820024.18
1632528000,2021-09-24,42848.41,42992.94,41710.08,42721.91,18046.04,767641976.96
1632441600,2021-09-23,44893.87,45143.18,40807.2,42848.41,60130.03,2565373998.35
1632355200,2021-09-22,43576.15,44994.17,43108.42,44893.87,34506.88,1522818255.74
1632268800,2021-09-21,40709.59,44012.22,40589.07,43576.15,42391.1,1807576533.35
1632182400,2021-09-20,42925.46,43625.93,39767.17,40709.59,70924.75,2972565920.07
1632096000,2021-09-19,47251.76,47340.49,42552.63,42925.46,64374.41,2849781014.82
1632009600,2021-09-18,48312.46,48376.3,46864.5,47251.76,14044.93,668723282.36
1631923200,2021-09-17,47297.98,48808.0,47066.47,48312.46,15782.18,761079785.11
1631836800,2021-09-16,47764.47,48172.36,46770.31,47297.98,18941.92,899242093.44
1631750400,2021-09-15,48148.45,48498.51,47050.55,47764.47,25702.33,1229076140.65
1631664000,2021-09-14,47129.01,48457.3,46725.15,48148.45,26904.97,1282942628.56
1631577600,2021-09-13,44958.56,47263.56,44776.37,47129.01,26751.25,1237183544.6
1631491200,2021-09-12,46049.72,46821.84,43511.3,44958.56,42623.67,1909473369.72
1631404800,2021-09-11,45166.12,46403.5,44765.82,46049.72,16366.41,747181260.09
1631318400,2021-09-10,44853.1,45987.63,44741.98,45166.12,14599.26,662298068.85
1631232000,2021-09-09,46392.85,47026.67,44198.27,44853.1,35701.24,1631276774.64
1631145600,2021-09-08,46073.45,47335.29,45572.3,46392.85,32273.7,1499767099.51
1631059200,2021-09-07,46856.31,47362.35,44475.76,46073.45,45638.83,2105187289.07
1630972800,2021-09-06,52693.32,52919.24,43904.42,46856.31,83874.09,4055873734.71
1630886400,2021-09-05,51784.16,52766.16,51035.68,52693.32,25623.3,1328373298.0
1630800000,2021-09-04,49935.29,51890.18,49499.28,51784.16,21382.07,1084416553.08
1630713600,2021-09-03,50019.51,50549.35,49501.12,49935.29,16795.12,839888927.54
1630627200,2021-09-02,49280.77,51056.15,48362.56,50019.51,38496.86,1926045807.12
1630540800,2021-09-01,48840.01,50374.89,48632.7,49280.77,32516.15,1615790894.94
1630454400,2021-08-31,47159.26,49062.05,46544.74,48840.01,31823.8,1520961266.36
1630368000,2021-08-30,46993.31,48252.74,46713.72,47159.26,29947.56,1418199668.83
1630281600,2021-08-29,48794.26,48878.11,46872.47,46993.31,29046.26,1392617744.31
1630195200,2021-08-28,48918.9,49653.49,47841.49,48794.26,18983.79,924625515.76
1630108800,2021-08-27,49088.1,49306.47,48386.9,48918.9,12815.36,626553869.3
1630022400,2021-08-26,46852.22,49166.31,46376.81,49088.1,27872.76,1331637984.84
1629936000,2021-08-25,48996.44,49358.2,46456.68,46852.22,34276.36,1618461768.41
1629849600,2021-08-24,47690.54,49257.74,47135.07,48996.44,25061.09,1208134772.96
1629763200,2021-08-23,49521.06,49859.97,47580.66,47690.54,28718.08,1399185980.56
1629676800,2021-08-22,49289.71,50513.83,49048.25,49521.06,30374.33,1515250474.77
1629590400,2021-08-21,48867.87,49512.19,48119.98,49289.71,16835.81,822323898.98
1629504000,2021-08-20,49336.45,49809.82,48330.03,48867.87,22928.52,1125508731.91
1629417600,2021-08-19,46761.49,49377.5,46652.0,49336.45,36326.2,1742574002.38
1629331200,2021-08-18,44714.54,47044.06,43982.21,46761.49,33300.5,1511027965.43
1629244800,2021-08-17,44684.43,46024.97,44240.9,44714.54,30513.78,1377529230.43
1629158400,2021-08-16,45927.4,47100.97,44438.79,44684.43,37125.87,1700658063.3
1629072000,2021-08-15,47015.94,48064.42,45681.1,45927.4,28459.99,1332377363.69
1628985600,2021-08-14,47102.03,47390.93,45595.22,47015.94,18032.86,836663894.85
1628899200,2021-08-13,47832.93,48136.25,46049.28,47102.03,23828.49,1120499538.82
1628812800,2021-08-12,44425.52,47890.79,44260.38,47832.93,34442.64,1595718853.28
1628726400,2021-08-11,45556.69,46214.21,43786.4,44425.52,35460.2,1588850342.27
1628640000,2021-08-10,45601.03,46763.89,45360.51,45556.69,30818.26,1421598811.69
1628553600,2021-08-09,46292.61,46707.56,44663.2,45601.03,35319.34,1609844198.85
1628467200,2021-08-08,43827.75,46476.01,42818.07,46292.61,49016.22,2219734084.88
1628380800,2021-08-07,44617.96,45310.33,43300.59,43827.75,39433.62,1745878741.47
1628294400,2021-08-06,42852.18,44731.51,42473.57,44617.96,50446.88,2199730007.61
1628208000,2021-08-05,40888.18,43363.62,39895.05,42852.18,48254.57,2009167763.65
1628121600,2021-08-04,39738.56,41409.14,37330.04,40888.18,59748.14,2357831521.97
1628035200,2021-08-03,38189.3,39961.11,37526.24,39738.56,34035.77,1318983897.48
1627948800,2021-08-02,39158.53,39779.45,37679.22,38189.3,38225.1,1466921591.54
1627862400,2021-08-01,39870.76,40446.6,38698.01,39158.53,33109.34,1308894644.03
1627776000,2021-07-31,41474.72,42584.65,39471.54,39870.76,33625.25,1385907257.88
1627689600,2021-07-30,42231.83,42373.59,41065.61,41474.72,25355.65,1056705603.97
1627603200,2021-07-29,40030.52,42301.76,38346.18,42231.83,42436.67,1698014609.78
1627516800,2021-07-28,40030.01,40633.62,39281.83,40030.52,31540.85,1257968294.92
1627430400,2021-07-27,39496.69,40906.09,38809.89,40030.01,66747.14,2662886395.8
1627344000,2021-07-26,37269.52,39535.5,36422.45,39496.69,58179.65,2197490232.78
1627257600,2021-07-25,35369.93,40553.85,35270.24,37269.52,100269.43,3840983132.28
1627171200,2021-07-24,34282.56,35382.63,33892.36,35369.93,22685.72,781929775.48
1627084800,2021-07-23,33637.92,34519.75,33429.09,34282.56,20217.05,686017155.75
1626998400,2021-07-22,32299.47,33637.93,32012.62,33637.92,23478.17,765209760.41
1626912000,2021-07-21,32139.48,32604.4,31738.48,32299.47,24409.69,785311959.3
1626825600,2021-07-20,29795.55,32814.13,29513.88,32139.48,48925.57,1538668590.41
1626739200,2021-07-19,30847.55,31063.88,29320.09,29795.55,43333.42,1291958152.32
1626652800,2021-07-18,31806.3,31907.17,30487.11,30847.55,38060.99,1179342118.61
1626566400,2021-07-17,31546.64,32446.17,31131.67,31806.3,25079.04,796652696.45
1626480000,2021-07-16,31401.76,31966.25,31194.16,31546.64,27922.98,881285396.92
1626393600,2021-07-15,31867.46,32256.94,31046.14,31401.76,25602.04,812765644.4
1626307200,2021-07-14,32820.5,33188.54,31133.75,31867.46,33647.48,1073939852.55
1626220800,2021-07-13,32737.47,33099.2,31601.99,32820.5,27262.01,883070516.73
1626134400,2021-07-12,33088.51,33335.54,32206.14,32737.47,25562.97,837278173.94
1626048000,2021-07-11,34249.3,34658.46,32660.38,33088.51,31074.01,1039311244.06
1625961600,2021-07-10,33515.13,34595.69,33335.4,34249.3,15724.2,533337900.01
1625875200,2021-07-09,33804.2,34253.5,33030.16,33515.13,19345.51,651899496.99
1625788800,2021-07-08,32874.01,34076.49,32274.31,33804.2,25677.95,853165387.13
1625702400,2021-07-07,33880.79,33934.31,32108.68,32874.01,47884.76,1573967671.27
1625616000,2021-07-06,34237.66,35066.82,33807.42,33880.79,21784.2,752074468.65
1625529600,2021-07-05,33702.79,35096.65,33558.75,34237.66,32844.8,1123145329.6
1625443200,2021-07-04,35287.97,35290.8,33151.51,33702.79,31526.39,1072690410.4
1625356800,2021-07-03,34682.84,35945.36,34390.95,35287.97,15950.93,563891553.21
1625270400,2021-07-02,33804.54,34944.91,33333.05,34682.84,17319.23,595117204.83
1625184000,2021-07-01,33543.11,33968.47,32715.18,33804.54,33082.4,1102040372.36
1625097600,2021-06-30,35056.39,35065.41,32757.33,33543.11,36889.93,1238732543.23
1625011200,2021-06-29,35901.41,36090.37,34062.04,35056.39,39796.96,1388243727.19
1624924800,2021-06-28,34487.11,36624.75,34243.82,35901.41,44215.51,1578253520.29
1624838400,2021-06-27,34713.81,35292.57,33890.86,34487.11,41259.21,1424168416.33
1624752000,2021-06-26,32307.35,34754.5,32031.15,34713.81,60403.96,2002954688.79
1624665600,2021-06-25,31593.86,32680.58,30190.9,32307.35,58331.1,1826363014.48
1624579200,2021-06-24,34649.84,35494.5,31290.25,31593.86,91636.1,3027434524.39
1624492800,2021-06-23,33678.64,35267.23,32340.83,34649.84,38755.56,1311147481.02
1624406400,2021-06-22,32537.58,34831.93,31790.02,33678.64,60338.69,2037061709.14
1624320000,2021-06-21,31652.62,33312.87,28908.07,32537.58,129940.61,4060734244.07
1624233600,2021-06-20,35602.26,35760.61,31284.7,31652.62,111039.05,3650731161.39
1624147200,2021-06-19,35515.38,36139.95,33377.82,35602.26,56525.29,1964614466.35
1624060800,2021-06-18,35830.29,36443.26,34863.17,35515.38,44782.25,1601193146.33
1623974400,2021-06-17,38082.3,38201.23,35158.89,35830.29,60242.99,2207651943.63
1623888000,2021-06-16,38345.41,39537.42,37386.57,38082.3,41591.09,1599770630.8
1623801600,2021-06-15,40161.86,40487.98,38122.04,38345.41,48107.62,1883613058.48
1623715200,2021-06-14,40526.63,41307.06,39526.69,40161.86,48248.1,1943860792.12
1623628800,2021-06-13,39017.37,41025.42,38755.79,40526.63,68729.09,2740589573.6
1623542400,2021-06-12,35541.78,39374.68,34802.24,39017.37,46353.98,1727291768.5
1623456000,2021-06-11,37339.98,37445.32,34655.21,35541.78,40619.14,1450138289.51
1623369600,2021-06-10,36680.78,37665.85,35981.84,37339.98,43119.67,1596038876.7
1623283200,2021-06-09,37391.58,38387.2,35821.05,36680.78,63052.49,2338112083.52
1623196800,2021-06-08,33409.38,37528.42,32435.18,37391.58,92280.57,3249553573.38
1623110400,2021-06-07,33582.86,34061.09,31034.35,33409.38,88483.79,2890313261.68
1623024000,2021-06-06,35798.57,36790.39,33367.12,33582.86,52209.55,1850311020.63
1622937600,2021-06-05,35538.4,36453.81,35264.34,35798.57,27469.69,986275148.28
1622851200,2021-06-04,36861.5,37911.76,34846.16,35538.4,39864.17,1444088532.56
1622764800,2021-06-03,39229.66,39273.49,35617.03,36861.5,49661.48,1837944242.33
1622678400,2021-06-02,37576.98,39482.46,37199.92,39229.66,41098.93,1586641442.02
1622592000,2021-06-01,36683.51,38225.18,35935.34,37576.98,39948.44,1494571249.19
1622505600,2021-05-31,37290.83,37910.19,35733.52,36683.51,44444.78,1626268789.21
1622419200,2021-05-30,35662.59,37512.8,34202.86,37290.83,50306.62,1821662523.97
1622332800,2021-05-29,34611.58,36481.62,33400.65,35662.59,37522.16,1325408340.1
1622246400,2021-05-28,35680.92,37307.1,33666.06,34611.58,60616.25,2127790128.94
1622160000,2021-05-27,38538.84,38879.6,34733.76,35680.92,85345.66,3104364367.82
1622073600,2021-05-26,39295.08,40408.95,37211.84,38538.84,46474.62,1804036815.09
1621987200,2021-05-25,38387.36,40854.81,37855.81,39295.08,66483.59,2607759779.42
1621900800,2021-05-24,38837.76,39842.9,36509.09,38387.36,66530.67,2529569055.97
1621814400,2021-05-23,34716.84,39945.35,34467.32,38837.76,106765.14,3981461441.04
1621728000,2021-05-22,37491.5,38304.55,31157.18,34716.84,131584.71,4494413873.1
1621641600,2021-05-21,37350.39,38841.92,35287.71,37491.5,74964.98,2808008188.27
1621555200,2021-05-20,40597.4,42252.07,33552.8,37350.39,120589.87,4573692788.95
1621468800,2021-05-19,36771.87,42520.03,35009.25,40597.4,139648.53,5531454912.79
1621382400,2021-05-18,42886.02,43564.34,29925.2,36771.87,290986.06,11120220854.77
1621296000,2021-05-17,43552.14,45819.36,42309.39,42886.02,71930.7,3159184422.64
1621209600,2021-05-16,46490.71,46665.19,42130.83,43552.14,134127.17,5896147491.21
1621123200,2021-05-15,46775.29,49808.83,43918.69,46490.71,79337.9,3693969204.75
1621036800,2021-05-14,49887.96,50710.05,46606.18,46775.29,53332.47,2591003797.63
1620950400,2021-05-13,49700.6,51554.66,48910.06,49887.96,42891.66,2156016499.66
1620864000,2021-05-12,49504.08,51377.99,47029.73,49700.6,119769.29,5919941739.84
1620777600,2021-05-11,56747.52,58005.44,49182.89,49504.08,74345.74,4035173480.67
1620691200,2021-05-10,55870.01,56928.37,54490.38,56747.52,42949.94,2395231325.24
1683849600,2023-05-11,26991.62,27092.93,25833.3,26807.09,42526.8,1123450368.34
1683763200,2023-05-10,27628.73,27642.56,26731.83,26991.62,29504.51,802346192.21
1683676800,2023-05-09,27680.21,28330.36,26840.62,27628.73,41945.8,1162217682.96
1683590400,2023-05-08,27783.42,27963.87,27510.12,27680.21,22925.76,634693185.14
1683504000,2023-05-07,28572.81,28786.01,27396.42,27783.42,40605.62,1136175854.67
1683417600,2023-05-06,28943.98,29212.06,28547.22,28572.81,16604.62,480627306.93
1683331200,2023-05-05,29548.51,29853.13,28449.95,28943.98,24527.41,713641803.94
1683244800,2023-05-04,28865.72,29701.05,28852.44,29548.51,35426.26,1039027772.96
1683158400,2023-05-03,29041.65,29376.48,28702.7,28865.72,27573.93,799149017.42
1683072000,2023-05-02,28694.7,29278.11,28151.97,29041.65,40257.03,1150554649.51
1682985600,2023-05-01,28086.77,28895.93,27899.16,28694.7,32659.37,927486609.7
1682899200,2023-04-30,29236.81,29340.45,27680.56,28086.77,43941.31,1246630368.83
1682812800,2023-04-29,29251.2,29958.96,29113.64,29236.81,23251.07,685897041.94
1682726400,2023-04-28,29339.99,29457.51,29078.4,29251.2,11330.73,332020115.89
1682640000,2023-04-27,29483.94,29600.91,28920.19,29339.99,35166.03,1030276785.7
1682553600,2023-04-26,28432.89,29890.36,28397.94,29483.94,63333.86,1850604653.99
1682467200,2023-04-25,28308.07,30016.54,27261.2,28432.89,79154.04,2278451179.33
1682380800,2023-04-24,27520.93,28394.39,27200.99,28308.07,31694.19,876191270.4
1682294400,2023-04-23,27596.85,27988.76,26998.44,27520.93,34236.79,940115640.57
1682208000,2023-04-22,27820.73,27822.57,27352.28,27596.85,18289.06,504160726.43
1682121600,2023-04-21,27261.17,27883.77,27150.5,27820.73,17443.02,479603472.21
1682035200,2023-04-20,28248.11,28365.2,27173.44,27261.17,43368.57,1207725781.37
1681948800,2023-04-19,28821.91,29094.98,28007.09,28248.11,41297.76,1180562733.76
1681862400,2023-04-18,30395.53,30419.74,28615.79,28821.91,54525.22,1600523152.28
1681776000,2023-04-17,29446.34,30485.26,29135.27,30395.53,36469.48,1095189891.18
1681689600,2023-04-16,30322.37,30331.32,29265.91,29446.34,34966.91,1037503329.39
1681603200,2023-04-15,30321.55,30562.42,30155.49,30322.37,17283.22,524392638.12
1681516800,2023-04-14,30491.71,30615.21,30237.51,30321.55,13596.83,413221716.15
1681430400,2023-04-13,30407.76,31020.32,30015.78,30491.71,48758.42,1491399385.72
1681344000,2023-04-12,29905.56,30603.93,29881.9,30407.76,31936.33,967351995.59
1681257600,2023-04-11,30226.45,30499.62,29710.91,29905.56,36421.26,1094799669.68
1681171200,2023-04-10,29655.75,30558.49,29612.35,30226.45,47151.42,1420381272.66
1681084800,2023-04-09,28340.68,29776.84,28179.73,29655.75,41851.84,1211248945.3
1680998400,2023-04-08,27953.93,28539.41,27825.42,28340.68,16329.18,459285638.27
1680912000,2023-04-07,27927.8,28168.77,27879.51,27953.93,9261.95,259437156.74
1680825600,2023-04-06,28043.49,28110.82,27786.82,27927.8,14575.83,407205241.71
1680739200,2023-04-05,28180.06,28191.21,27736.36,28043.49,26094.3,730428566.02
1680652800,2023-04-04,28177.23,28766.02,27843.06,28180.06,37846.93,1072312476.98
1680566400,2023-04-03,27809.04,28441.54,27671.89,28177.23,32404.02,911124090.2
1680480000,2023-04-02,28187.85,28498.51,27292.3,27809.04,47462.93,1328993515.18
1680393600,2023-04-01,28468.49,28537.18,27885.3,28187.85,16366.29,461356032.51
1680307200,2023-03-31,28474.62,28816.74,28263.72,28468.49,15689.96,446928904.2
1680220800,2023-03-30,28040.71,28651.82,27552.64,28474.62,45335.87,1278854661.75
1680134400,2023-03-29,28355.7,29171.13,27735.19,28040.71,58696.25,1666973949.92
1680048000,2023-03-28,27266.08,28643.21,27254.72,28355.7,49571.43,1396887121.69
1679961600,2023-03-27,27146.01,27527.5,26638.39,27266.08,36875.77,997573892.51
1679875200,2023-03-26,27995.16,28045.33,26551.46,27146.01,45933.42,1256153698.38
1679788800,2023-03-25,27492.83,28217.66,27448.83,27995.16,26394.91,734596186.26
1679702400,2023-03-24,27493.01,27819.55,27186.95,27492.83,22474.29,618098148.62
1679616000,2023-03-23,28345.7,28421.94,27054.76,27493.01,52231.16,1456957038.0
1679529600,2023-03-22,27316.18,28807.82,27190.13,28345.7,63194.55,1769187941.89
1679443200,2023-03-21,28188.11,28902.98,26676.69,27316.18,81267.64,2277940781.79
1679356800,2023-03-20,27807.05,28494.87,27416.8,28188.11,45696.4,1282225223.57
1679270400,2023-03-19,28040.29,28539.63,27228.03,27807.05,65834.79,1838684361.11
1679184000,2023-03-18,26973.46,28441.41,26901.66,28040.29,48163.58,1337898482.67
1679097600,2023-03-17,27441.41,27749.91,26655.22,26973.46,48843.14,1335463761.57
1679011200,2023-03-16,25049.83,27782.88,24945.9,27441.41,96426.82,2554985216.53
1678924800,2023-03-15,24372.11,25211.23,24220.45,25049.83,55408.3,1372954004.0
1678838400,2023-03-14,24757.56,25272.47,23946.02,24372.11,74114.24,1826358018.09
1678752000,2023-03-13,24207.1,26522.41,24071.83,24757.56,110643.58,2783419006.43
1678665600,2023-03-12,22183.71,24596.0,21896.85,24207.1,94501.71,2198916015.73
1678579200,2023-03-11,20613.6,22224.01,20445.19,22183.71,63957.66,1352204877.06
1678492800,2023-03-10,20206.71,20847.88,19895.33,20613.6,69435.51,1416403424.21
1678406400,2023-03-09,20370.48,20371.25,19599.47,20206.71,105350.02,2103890132.26
1678320000,2023-03-08,21704.74,21822.92,20113.96,20370.48,75232.11,1584851678.8
1678233600,2023-03-07,22201.44,22262.91,21628.01,21704.74,41232.56,907354581.02
1678147200,2023-03-06,22410.79,22540.85,21951.39,22201.44,38893.98,865083425.31
1678060800,2023-03-05,22434.09,22595.33,22311.67,22410.79,27089.91,607585243.32
1677974400,2023-03-04,22353.23,22638.92,22243.05,22434.09,20875.88,468467084.05
1677888000,2023-03-03,22360.92,22410.68,22177.19,22353.23,11840.22,264342272.32
1677801600,2023-03-02,23467.23,23477.22,22134.9,22360.92,59283.75,1328714697.97
1677715200,2023-03-01,23642.8,23794.81,23210.39,23467.23,34727.29,813452928.16
1677628800,2023-02-28,23137.23,23980.02,23036.22,23642.8,45323.52,1070132297.9
1677542400,2023-02-27,23492.86,23595.27,23038.65,23137.23,34862.93,814380395.42
1677456000,2023-02-26,23557.29,23884.1,23148.47,23492.86,45081.05,1057863335.56
1677369600,2023-02-25,23168.68,23671.2,23068.22,23557.29,27073.82,632282012.46
1677283200,2023-02-24,23190.14,23218.2,22809.19,23168.68,24727.95,569329617.92
1677196800,2023-02-23,23941.1,24125.33,22830.91,23189.78,68652.11,1610829236.2
1677110400,2023-02-22,24186.92,24595.08,23629.29,23941.1,67725.34,1630064365.85
1677024000,2023-02-21,24450.5,24471.79,23597.76,24186.92,71228.71,1707889533.14
1676937600,2023-02-20,24838.09,25216.35,24168.6,24450.5,68937.6,1699888067.11
1676851200,2023-02-19,24287.53,25098.8,23873.19,24838.09,54396.11,1341924666.63
1676764800,2023-02-18,24638.27,25175.28,24253.13,24287.53,43529.32,1073608902.53
1676678400,2023-02-17,24578.28,24854.76,24454.5,24638.27,22334.7,550069111.96
1676592000,2023-02-16,23533.22,25012.32,23368.98,24578.28,83842.0,2024871806.46
1676505600,2023-02-15,24332.21,25233.22,23522.57,23533.22,89399.75,2195432803.47
1676419200,2023-02-14,22208.56,24338.52,22059.91,24332.21,70450.63,1636571319.77
1676332800,2023-02-13,21787.77,22308.02,21587.95,22208.56,51049.58,1121665134.71
1676246400,2023-02-12,21790.14,21895.37,21407.31,21787.77,58725.99,1271661452.37
1676160000,2023-02-11,21862.19,22081.41,21659.69,21790.14,27490.57,601407332.2
1676073600,2023-02-10,21634.86,21897.19,21611.54,21862.19,17100.45,371394433.41
1675987200,2023-02-09,21807.55,21940.0,21495.4,21634.86,52389.7,1139170302.72
1675900800,2023-02-08,22961.13,23000.67,21741.16,21807.55,72685.0,1626493846.29
1675814400,2023-02-07,23252.78,23407.79,22688.45,22961.13,32423.41,746102368.06
1675728000,2023-02-06,22761.44,23343.29,22752.6,23252.78,37031.49,852489794.18
1675641600,2023-02-05,22940.79,23147.93,22655.5,22761.44,40112.72,918256802.27
1675555200,2023-02-04,23332.1,23429.68,22796.98,22940.79,27262.45,628865943.88
1675468800,2023-02-03,23437.21,23582.26,23268.8,23332.1,14312.36,334962158.54
1675382400,2023-02-02,23470.8,23709.93,23230.74,23437.21,40956.08,961229252.16
1675296000,2023-02-01,23730.52,24229.18,23423.04,23470.8,57852.6,1378661476.28
1675209600,2023-01-31,23129.7,23799.9,22792.33,23730.52,50174.15,1166002955.1
1675123200,2023-01-30,22833.34,23271.14,22725.41,23129.7,49746.31,1144361734.86
1675036800,2023-01-29,23747.26,23796.62,22577.01,22833.34,73408.97,1699735992.01
1674950400,2023-01-28,23031.02,23948.42,22981.04,23747.26,57693.1,1356557545.16
1674864000,2023-01-27,23077.75,23181.57,22895.7,23031.02,20229.78,465656885.65
1674777600,2023-01-26,23009.15,23485.53,22594.06,23077.75,65135.66,1499524205.45
1674691200,2023-01-25,23066.28,23268.02,22870.4,23009.15,64065.53,1477492373.79
1674604800,2023-01-24,22637.8,23801.04,22354.6,23066.28,88106.3,2010835832.21
1674518400,2023-01-23,22917.47,23159.62,22485.0,22637.8,78065.25,1788469593.53
1674432000,2023-01-22,22714.99,23154.59,22585.74,22917.47,70990.57,1622068993.43
1674345600,2023-01-21,22789.92,23072.22,22343.13,22714.99,62351.77,1419749432.93
1674259200,2023-01-20,22676.2,23327.14,22465.82,22789.92,96424.84,2212422402.47
1674172800,2023-01-19,21082.28,22724.89,20884.26,22676.2,82923.31,1793127005.71
1674086400,2023-01-18,20678.47,21180.98,20670.44,21082.28,54649.2,1141134569.38
1674000000,2023-01-17,21136.12,21624.6,20411.68,20678.47,82422.66,1733563128.99
1673913600,2023-01-16,21188.92,21555.18,20866.41,21136.12,55706.36,1181967488.8
1673827200,2023-01-15,20878.94,21438.83,20635.89,21188.92,66430.52,1399257790.94
1673740800,2023-01-14,20954.52,21047.91,20575.44,20878.94,44461.09,924310249.74
1673654400,2023-01-13,19932.05,21255.15,19895.77,20954.52,107073.42,2223938908.13
1673568000,2023-01-12,18849.0,19992.23,18717.45,19932.05,94611.39,1820146569.6
1673481600,2023-01-11,17938.0,19092.31,17906.4,18849.0,122644.76,2252897545.61
1673395200,2023-01-10,17442.44,17986.45,17324.71,17938.0,63571.7,1113334370.52
1673308800,2023-01-09,17179.03,17484.36,17148.57,17442.44,57628.21,997764944.91
1673222400,2023-01-08,17115.81,17387.59,17103.2,17179.03,73779.59,1271943559.93
1673136000,2023-01-07,16942.73,17132.21,16913.28,17115.81,21159.6,359149910.85
1673049600,2023-01-06,16946.16,16972.62,16905.39,16942.73,11628.45,196915427.54
1672963200,2023-01-05,16825.87,17013.77,16687.42,16946.16,52488.7,883642131.54
1672876800,2023-01-04,16846.82,16869.84,16764.64,16825.87,31174.48,524511536.58
1672790400,2023-01-03,16670.16,16972.62,16651.02,16846.82,58841.99,990689260.54
1672704000,2023-01-02,16670.08,16766.7,16605.01,16670.16,37684.59,628582193.83
1672617600,2023-01-01,16613.87,16768.07,16544.15,16670.08,30159.75,503360386.62
1672531200,2022-12-31,16531.31,16619.82,16502.85,16613.87,20256.16,335220861.58
1672444800,2022-12-30,16599.47,16625.46,16487.05,16531.31,27594.76,456998456.42
1672358400,2022-12-29,16631.24,16637.25,16364.76,16599.47,53276.85,880260779.52
1672272000,2022-12-28,16540.47,16650.11,16487.13,16631.24,41148.04,682471478.61
1672185600,2022-12-27,16700.54,16767.99,16471.35,16540.47,54253.61,901583901.63
1672099200,2022-12-26,16916.07,16960.3,16606.04,16700.54,42994.72,720956171.23
1672012800,2022-12-25,16829.1,16926.73,16796.91,16916.07,20635.79,347724478.09
1671926400,2022-12-24,16837.16,16850.93,16736.37,16829.1,17605.22,295850564.63
1671840000,2022-12-23,16780.97,16857.81,16779.49,16837.16,17417.89,293139806.69
1671753600,2022-12-22,16816.01,16907.78,16763.01,16780.97,46894.6,789038908.8
1671667200,2022-12-21,16821.13,16860.78,16571.31,16816.01,48646.01,814340454.91
1671580800,2022-12-20,16901.12,16922.92,16737.8,16821.13,42277.5,711271059.5
1671494400,2022-12-19,16442.79,17028.68,16404.94,16901.12,78296.38,1315229591.09
1671408000,2022-12-18,16742.74,16813.47,16350.32,16442.79,63181.42,1050395879.84
1671321600,2022-12-17,16780.55,16830.84,16673.02,16742.74,25188.36,421765916.48
1671235200,2022-12-16,16658.44,16794.06,16593.68,16780.55,40996.08,684665347.29
1671148800,2022-12-15,17359.21,17520.63,16611.58,16658.44,88776.6,1508594012.33
1671062400,2022-12-14,17801.37,17853.72,17296.89,17359.21,68490.07,1200283423.38
1670976000,2022-12-13,17775.32,18344.32,17684.33,17801.37,84917.12,1523737945.31
1670889600,2022-12-12,17208.66,17945.07,17096.23,17775.32,80026.6,1407400841.45
1670803200,2022-12-11,17094.83,17239.13,16881.75,17208.66,43450.3,739369625.44
1670716800,2022-12-10,17129.19,17259.64,17080.42,17094.83,22135.09,379827965.39
1670630400,2022-12-09,17126.85,17221.25,17102.71,17129.19,17288.71,296657331.89
1670544000,2022-12-08,17226.02,17319.38,17077.4,17126.85,41460.2,712368959.63
1670457600,2022-12-07,16837.85,17286.64,16757.86,17226.02,48682.69,827814503.9
1670371200,2022-12-06,17086.52,17126.91,16713.28,16837.85,42127.95,710367336.21
1670284800,2022-12-05,16966.84,17101.02,16917.86,17086.52,47766.64,811906594.36
1670198400,2022-12-04,17111.76,17409.45,16879.12,16966.84,62808.12,1077884559.22
1670112000,2022-12-03,16888.31,17194.4,16884.91,17111.76,29823.7,508091945.23
1670025600,2022-12-02,17094.49,17152.49,16868.66,16888.31,24699.47,419139334.98
1669939200,2022-12-01,16978.64,17102.08,16827.01,17094.49,45492.23,771518084.81
1669852800,2022-11-30,17162.35,17255.22,16865.92,16978.64,57361.34,978462617.82
1669766400,2022-11-29,16431.79,17216.6,16424.76,17162.35,86349.91,1460126671.64
1669680000,2022-11-28,16207.01,16528.39,16096.7,16431.79,50846.01,833578637.87
1669593600,2022-11-27,16420.87,16477.82,16000.76,16207.01,53565.6,867757025.61
1669507200,2022-11-26,16451.53,16587.18,16401.91,16420.87,18193.37,300543689.5
1669420800,2022-11-25,16508.33,16687.21,16382.61,16451.53,20929.5,346443601.6
1669334400,2022-11-24,16588.46,16605.86,16336.71,16508.33,34733.48,572460119.25
1669248000,2022-11-23,16590.98,16787.9,16453.52,16588.46,37641.28,624934230.62
1669161600,2022-11-22,16198.25,16676.49,16144.79,16590.98,66057.37,1087435133.37
1669075200,2022-11-21,15760.19,16277.08,15600.3,16198.25,74140.47,1184556737.9
1668988800,2022-11-20,16253.6,16272.47,15480.69,15760.19,80853.23,1289350720.98
1668902400,2022-11-19,16683.72,16730.0,16169.2,16253.6,28587.86,470894190.07
1668816000,2022-11-18,16677.95,16798.75,16539.01,16683.72,17003.18,282884885.11
1668729600,2022-11-17,16680.21,16975.14,16531.77,16677.95,45048.23,753255014.89
1668643200,2022-11-16,16648.05,16731.41,16405.81,16680.21,39166.08,650179026.0
1668556800,2022-11-15,16879.14,16988.63,16373.11,16648.05,64606.13,1075046774.52
1668470400,2022-11-14,16592.04,17091.76,16509.15,16879.14,76202.66,1282932319.76
1668384000,2022-11-13,16307.47,17157.81,15797.71,16592.04,84268.36,1384247874.05
1668297600,2022-11-12,16773.9,16921.72,16235.01,16307.47,35382.36,586182485.99
1668211200,2022-11-11,17007.72,17067.53,16603.78,16773.9,34631.17,582536367.95
1668124800,2022-11-10,17559.67,17644.1,16383.43,17007.72,103948.83,1767514338.22
1668038400,2022-11-09,15820.02,18113.28,15674.81,17559.67,167486.58,2835119228.72
1667952000,2022-11-08,18544.7,18581.64,15546.97,15820.02,245518.91,4215919087.89
1667865600,2022-11-07,20593.73,20672.25,17452.87,18544.7,208299.18,4026079371.74
1667779200,2022-11-06,20910.59,21066.63,20395.49,20593.73,72622.36,1506814091.81
1667692800,2022-11-05,21301.57,21363.27,20893.65,20910.59,27700.95,586960236.65
1667606400,2022-11-04,21150.6,21471.49,21085.76,21301.57,33103.84,706196028.56
1667520000,2022-11-03,20207.99,21295.37,20182.9,21150.6,97929.56,2037648086.91
1667433600,2022-11-02,20150.33,20385.92,20040.32,20207.99,54134.03,1095711784.35
1667347200,2022-11-01,20480.27,20801.56,20061.18,20150.33,91094.84,1861306372.17
1667260800,2022-10-31,20492.56,20684.6,20336.33,20480.27,48670.97,997276692.3
1667174400,2022-10-30,20630.65,20833.31,20242.91,20492.56,61486.04,1260610163.71
1667088000,2022-10-29,20820.19,20936.41,20523.41,20630.65,38497.09,797587682.85
1667001600,2022-10-28,20599.89,21064.84,20564.11,20820.19,58585.18,1219658735.57
1666915200,2022-10-27,20295.28,20751.67,20031.32,20599.89,78334.3,1597589795.85
1666828800,2022-10-26,20776.76,20876.24,20207.09,20295.28,88046.28,1813055358.34
1666742400,2022-10-25,20087.18,21013.26,20059.27,20776.76,118988.74,2453067543.31
1666656000,2022-10-24,19331.06,20414.92,19243.03,20087.18,103329.66,2052122456.45
1666569600,2022-10-23,19572.6,19593.09,19164.18,19331.06,63448.35,1228052555.79
1666483200,2022-10-22,19207.57,19687.8,19081.67,19572.6,31309.01,607568457.44
1666396800,2022-10-21,19166.4,19254.68,19116.62,19207.57,16403.84,314703377.71
1666310400,2022-10-20,19043.54,19248.63,18696.2,19166.4,62640.06,1191982244.05
1666224000,2022-10-19,19123.89,19339.65,18927.42,19043.54,65084.73,1244652119.42
1666137600,2022-10-18,19330.29,19359.2,19075.49,19123.89,49128.58,943284685.97
1666051200,2022-10-17,19550.49,19698.1,19095.12,19330.29,60022.88,1167039781.8
1665964800,2022-10-16,19264.26,19676.02,19159.47,19550.49,42730.12,831592233.83
1665878400,2022-10-15,19069.72,19424.55,19065.87,19264.26,15790.4,303391318.02
1665792000,2022-10-14,19182.01,19226.15,18989.54,19069.72,15194.3,290658263.23
1665705600,2022-10-13,19378.91,19946.24,19085.87,19182.01,73991.58,1445859713.35
1665619200,2022-10-12,19154.85,19504.63,18229.27,19378.91,88597.27,1669767296.93
1665532800,2022-10-11,19058.29,19231.72,18977.33,19154.85,38948.93,744262154.09
1665446400,2022-10-10,19131.36,19263.78,18858.74,19058.29,61563.85,1173375200.58
1665360000,2022-10-09,19442.41,19526.12,19052.64,19131.36,44380.54,856332007.87
1665273600,2022-10-08,19419.32,19558.67,19325.6,19442.41,19856.73,386265984.43
1665187200,2022-10-07,19532.81,19625.41,19273.73,19419.32,17433.49,339438324.44
1665100800,2022-10-06,19965.12,20058.36,19331.73,19532.81,59698.47,1177831670.26
1665014400,2022-10-05,20160.74,20449.46,19866.54,19965.12,74646.94,1502842418.9
1664928000,2022-10-04,20344.58,20366.34,19757.31,20160.74,59503.18,1195512448.37
1664841600,2022-10-03,19632.35,20459.26,19499.64,20344.58,64461.86,1290593290.94
1664755200,2022-10-02,19058.15,19697.23,18988.8,19632.35,57248.95,1106456268.73
1664668800,2022-10-01,19313.96,19394.33,18929.91,19058.15,25352.29,485799328.96
1664582400,2022-09-30,19425.63,19482.38,19188.77,19313.96,14808.24,286091612.81
1664496000,2022-09-29,19593.46,20180.46,19201.02,19425.63,73013.93,1428753976.44
1664409600,2022-09-28,19412.67,19641.07,18848.01,19593.46,68669.51,1327829608.79
1664323200,2022-09-27,19081.4,19774.99,18494.71,19412.67,93863.47,1792918120.6
1664236800,2022-09-26,19230.96,20377.45,18832.07,19081.4,105641.68,2089386131.83
1664150400,2022-09-25,18809.94,19316.15,18689.2,19230.96,98706.77,1874981288.59
1664064000,2022-09-24,18924.39,19172.03,18652.6,18809.94,28763.0,544445399.91
1663977600,2022-09-23,19291.13,19308.47,18813.25,18924.39,29706.93,566563739.62
1663891200,2022-09-22,19405.96,19500.17,18540.64,19291.13,66475.93,1261371285.29
1663804800,2022-09-21,18468.05,19509.87,18366.46,19405.96,96116.87,1827681691.12
1663718400,2022-09-20,18879.95,19744.77,18189.92,18468.05,95072.31,1811417134.73
1663632000,2022-09-19,19541.28,19634.28,18735.87,18879.95,58735.22,1124075891.27
1663545600,2022-09-18,19417.72,19681.29,18292.38,19541.28,67942.65,1289079956.8
1663459200,2022-09-17,20118.35,20120.58,19345.98,19417.72,31514.24,622064584.36
1663372800,2022-09-16,19804.02,20189.93,19756.39,20118.35,36248.24,723991455.67
1663286400,2022-09-15,19700.15,19889.64,19346.99,19804.02,48209.89,948028635.91
1663200000,2022-09-14,20233.68,20333.61,19529.68,19700.15,44724.05,892897629.94
1663113600,2022-09-13,20173.77,20530.34,19652.44,20233.68,52796.4,1065222653.27
1663027200,2022-09-12,22400.52,22767.89,19914.37,20173.77,83591.14,1788207293.16
1662940800,2022-09-11,21836.45,22482.54,21567.71,22400.52,57121.32,1264510737.92
1662854400,2022-09-10,21655.13,21850.77,21366.74,21836.45,27756.78,600008216.45
1662768000,2022-09-09,21369.73,21807.62,21138.54,21655.13,35129.91,752905078.21
1662681600,2022-09-08,19321.77,21559.78,19299.24,21369.73,79722.17,1657848347.88
1662595200,2022-09-07,19287.52,19452.91,19023.78,19321.77,44210.78,850349370.86
1662508800,2022-09-06,18791.95,19458.77,18559.15,19287.52,50808.95,961396794.5
1662422400,2022-09-05,19793.29,20177.38,18707.09,18791.95,73359.14,1428040857.48
1662336000,2022-09-04,20003.46,20051.73,19638.59,19793.29,26176.62,518213568.45
1662249600,2022-09-03,19834.79,20022.47,19591.33,20003.46,19536.47,387149235.82
1662163200,2022-09-02,19957.44,20052.13,19659.2,19834.79,17139.2,339922228.57
1662076800,2022-09-01,20129.93,20439.1,19760.56,19957.44,41618.91,836881983.68
1661990400,2022-08-31,20050.28,20204.51,19571.05,20129.93,44971.29,896421556.74
1661904000,2022-08-30,19813.51,20483.64,19804.19,20050.28,57684.46,1165077708.26
1661817600,2022-08-29,20292.37,20574.12,19548.55,19813.51,70062.98,1405744450.56
1661731200,2022-08-28,19554.08,20415.53,19548.16,20292.37,52176.52,1043661877.31
1661644800,2022-08-27,20038.42,20155.59,19527.69,19554.08,29985.28,597441164.24
1661558400,2022-08-26,20247.99,20363.82,19828.05,20038.42,38543.24,774590756.91
1661472000,2022-08-25,21565.47,21856.85,20121.8,20247.99,74178.49,1564850841.73
1661385600,2022-08-24,21369.05,21811.37,21314.81,21565.47,31215.69,674553131.93
1661299200,2022-08-23,21520.62,21879.03,21154.75,21369.05,42427.08,912147556.2
1661212800,2022-08-22,21399.66,21675.25,20896.83,21520.62,41086.01,879396196.46
1661126400,2022-08-21,21514.79,21524.9,20908.27,21399.66,44291.12,940511413.54
1661040000,2022-08-20,21142.06,21744.02,21074.63,21514.79,30413.31,650828688.99
1660953600,2022-08-19,20833.43,21361.45,20772.5,21142.06,38001.61,803223608.15
1660867200,2022-08-18,23201.51,23202.7,20801.31,20833.43,81701.33,1770449474.07
1660780800,2022-08-17,23338.03,23595.74,23115.03,23201.51,24887.85,582346641.96
1660694400,2022-08-16,23858.64,24442.02,23185.14,23338.03,45577.22,1079499588.63
1660608000,2022-08-15,24101.69,24247.12,23673.2,23858.64,36536.46,874700819.79
1660521600,2022-08-14,24313.71,25203.38,23783.19,24101.69,54754.47,1331189946.12
1660435200,2022-08-13,24449.86,25012.36,24160.64,24313.71,36035.79,886604908.12
1660348800,2022-08-12,24412.17,24892.27,24306.08,24449.86,28921.35,710217434.56
1660262400,2022-08-11,23943.36,24458.75,23609.84,24412.17,34031.35,816924712.5
1660176000,2022-08-10,23959.67,24895.61,23867.0,23943.36,54803.51,1338354341.04
1660089600,2022-08-09,23156.66,24216.73,22674.6,23959.67,52668.46,1241926276.36
1660003200,2022-08-08,23817.72,23923.56,22881.18,23156.66,38306.57,894336181.98
1659916800,2022-08-07,23179.86,24244.59,23162.43,23817.72,40870.37,976262666.12
1659830400,2022-08-06,22956.4,23400.38,22854.01,23179.86,16799.46,388274452.92
1659744000,2022-08-05,23319.22,23350.56,22922.93,22956.4,17293.89,400822462.12
1659657600,2022-08-04,22622.99,23473.92,22590.7,23319.22,50480.51,1166014614.12
1659571200,2022-08-03,22825.25,23228.89,22418.27,22622.99,36540.64,835033359.1
1659484800,2022-08-02,22991.49,23615.71,22695.67,22825.25,44757.6,1039306431.63
1659398400,2022-08-01,23271.57,23451.58,22668.87,22991.49,34258.27,787698099.6
1659312000,2022-07-31,23308.14,23504.29,22866.94,23271.57,31489.52,730342406.93
1659225600,2022-07-30,23646.03,24187.18,23243.11,23308.14,23010.79,545406548.92
1659139200,2022-07-29,23769.15,24619.11,23521.46,23646.03,32275.85,778025187.47
1659052800,2022-07-28,23855.65,24416.37,23444.29,23769.15,42343.73,1011106548.39
1658966400,2022-07-27,22960.19,24196.42,22599.92,23855.65,55708.07,1303025378.67
1658880000,2022-07-26,21258.08,23101.9,21049.67,22960.19,52722.03,1159394788.9
1658793600,2022-07-25,21305.59,21341.58,20733.24,21258.08,38536.61,809969148.7
1658707200,2022-07-24,22585.4,22660.92,21268.28,21305.59,42928.78,940453686.83
1658620800,2022-07-23,22452.14,23012.74,22270.07,22585.4,22222.43,504031294.93
1658534400,2022-07-22,22686.32,22997.6,21953.76,22452.14,25789.53,577941932.27
1658448000,2022-07-21,23153.54,23749.68,22513.01,22686.32,42569.62,987692728.11
1658361600,2022-07-20,23222.77,23419.67,22348.64,23153.54,52462.17,1201004931.31
1658275200,2022-07-19,23399.91,24276.14,22923.14,23222.77,74279.35,1752951921.32
1658188800,2022-07-18,22447.39,23790.89,21588.2,23399.91,79216.86,1796378775.92
1658102400,2022-07-17,20792.81,22749.06,20760.73,22447.39,66744.81,1466428849.49
1658016000,2022-07-16,21199.01,21658.47,20752.85,20792.81,25674.37,544609266.04
1657929600,2022-07-15,20827.27,21574.75,20481.02,21199.01,27875.55,586102523.47
1657843200,2022-07-14,20577.38,21185.15,20373.45,20827.27,35888.21,747216252.44
1657756800,2022-07-13,20230.81,20869.51,19620.06,20577.38,50524.15,1021414563.11
1657670400,2022-07-12,19309.71,20274.83,18919.1,20230.81,60187.72,1176644137.94
1657584000,2022-07-11,19944.25,20036.49,19230.29,19309.71,44319.07,873486517.39
1657497600,2022-07-10,20846.53,20852.04,19872.03,19944.25,37062.98,756481179.49
1657411200,2022-07-09,21582.17,21591.09,20671.26,20846.53,23037.78,485593616.02
1657324800,2022-07-08,21592.65,21942.8,21328.96,21582.17,21058.31,455218724.75
1657238400,2022-07-07,21611.8,22377.17,21183.19,21592.65,56687.83,1233183200.22
1657152000,2022-07-06,20545.04,21840.22,20242.62,21611.8,50417.79,1059807101.57
1657065600,2022-07-05,20158.69,20637.99,19749.93,20545.04,39337.75,794040793.32
1656979200,2022-07-04,20212.81,20725.51,19284.32,20158.69,46669.86,931653558.35
1656892800,2022-07-03,19294.21,20313.34,19036.44,20212.81,31698.75,623812499.17
1656806400,2022-07-02,19225.66,19617.18,18768.2,19294.21,22431.91,430213883.45
1656720000,2022-07-01,19249.33,19419.25,18965.44,19225.66,20447.36,393018265.78
1656633600,2022-06-30,19908.49,20817.65,18952.12,19249.33,62287.55,1220917103.86
1656547200,2022-06-29,20094.16,20138.96,18622.86,19908.49,56316.14,1084138608.25
1656460800,2022-06-28,20251.96,20402.7,19844.86,20094.16,37366.3,751143299.02
1656374400,2022-06-27,20718.16,21184.16,20179.52,20251.96,32936.56,680727935.72
1656288000,2022-06-26,21031.85,21505.42,20553.32,20718.16,30683.89,643546203.12
1656201600,2022-06-25,21474.19,21855.84,20968.82,21031.85,20812.53,445023789.79
1656115200,2022-06-24,21219.46,21587.06,20902.05,21474.19,21604.15,459148971.07
1656028800,2022-06-23,21098.41,21528.86,20717.47,21219.46,40303.85,850728330.88
1655942400,2022-06-22,19956.16,21195.95,19870.07,21098.41,40647.06,836636021.34
1655856000,2022-06-21,20699.21,20862.67,19756.23,19956.16,50640.15,1027725806.49
1655769600,2022-06-20,20550.91,21694.7,20339.03,20699.21,45262.22,954292227.72
1655683200,2022-06-19,20553.48,21016.02,19616.32,20550.91,48976.59,995940744.76
1655596800,2022-06-18,18954.25,20776.87,17936.0,20553.48,61181.89,1190970309.62
1655510400,2022-06-17,20432.26,20722.69,17600.75,18954.25,100138.03,1898530847.49
1655424000,2022-06-16,20372.85,21330.5,20221.24,20432.26,63610.58,1312456705.74
1655337600,2022-06-15,22566.73,22961.17,20209.17,20372.85,62443.29,1326876814.5
1655251200,2022-06-14,22118.37,22743.84,20083.9,22566.73,118629.55,2516136880.34
1655164800,2022-06-13,22471.59,23214.28,20837.64,22118.37,93509.58,2063908671.45
1655078400,2022-06-12,26587.35,26871.6,21976.15,22471.59,169741.38,4089411013.33
1654992000,2022-06-11,28389.49,28519.32,26570.67,26587.35,38522.37,1060464718.45
1654905600,2022-06-10,29067.38,29414.37,28105.18,28389.49,24313.37,696986226.28
1654819200,2022-06-09,30082.94,30336.9,28839.92,29067.38,38461.6,1133049950.35
1654732800,2022-06-08,30189.27,30677.87,29924.47,30082.94,20555.57,620735850.86
1654646400,2022-06-07,31111.75,31305.48,29839.64,30189.27,27741.65,844411303.8
1654560000,2022-06-06,31353.78,31551.28,29210.15,31111.75,44308.05,1340573593.65
1654473600,2022-06-05,29897.9,31740.27,29876.22,31353.78,34484.33,1076503583.85
1654387200,2022-06-04,29845.48,30151.31,29516.97,29897.9,10423.68,311392830.2
1654300800,2022-06-03,29680.3,29953.65,29466.57,29845.48,10446.72,310298122.38
1654214400,2022-06-02,30439.63,30676.7,29249.37,29680.3,24607.85,734000142.92
1654128000,2022-06-01,29789.58,30647.18,29574.16,30439.63,31049.7,932339972.84
1654041600,2022-05-31,31782.16,31956.43,29324.1,29789.58,43767.18,1343136773.16
1653955200,2022-05-30,31716.41,32367.02,31203.31,31782.16,32446.48,1028808882.28
1653868800,2022-05-29,29452.23,32161.5,29287.63,31716.41,46295.9,1426112899.49
1653782400,2022-05-28,29013.53,29548.72,28820.15,29452.23,12840.42,374906552.33
1653696000,2022-05-27,28597.33,29234.85,28504.59,29013.53,12661.88,365397751.75
1653609600,2022-05-26,29188.71,29359.16,28251.91,28597.33,36570.36,1054644721.04
1653523200,2022-05-25,29508.27,29848.6,28060.72,29188.71,45080.31,1314694988.34
1653436800,2022-05-24,29630.05,30189.17,29321.43,29508.27,26906.19,800315804.06
1653350400,2022-05-23,29075.68,29800.48,28629.55,29630.05,28263.22,826118559.89
1653264000,2022-05-22,30264.29,30634.84,28861.27,29075.68,38286.66,1147137210.63
1653177600,2022-05-21,29410.72,30454.36,29219.51,30264.29,21390.13,639923811.62
1653091200,2022-05-20,29166.15,29613.15,28924.28,29410.72,15780.21,462392582.18
1653004800,2022-05-19,30282.48,30725.44,28698.31,29166.15,57051.25,1692088244.46
1652918400,2022-05-18,28667.29,30505.0,28653.17,30282.48,48991.36,1453211639.97
1652832000,2022-05-17,30415.91,30673.66,28610.2,28667.29,44949.69,1322816665.45
1652745600,2022-05-16,29838.5,30744.47,29434.76,30415.91,33082.29,1000070390.57
1652659200,2022-05-15,31296.11,31296.19,29104.45,29838.5,41520.45,1242326194.24
1652572800,2022-05-14,30050.31,31406.35,29462.91,31296.11,26775.5,810199953.22
1652486400,2022-05-13,29244.83,30274.18,28588.99,30050.31,28759.56,845013800.63
1652400000,2022-05-12,28915.72,30964.26,28700.17,29244.83,64448.46,1942170683.15
1652313600,2022-05-11,29017.21,30085.67,25835.61,28915.72,160835.32,4501368166.33
1715472000,2024-05-11,60823.19,61838.51,60600.9,61459.22,8214.5,502848342.69
1715385600,2024-05-10,60790.82,61489.54,60474.73,60823.19,8298.11,505608099.69
1715299200,2024-05-09,63077.18,63469.13,60181.24,60790.82,25390.35,1565941805.66
1715212800,2024-05-08,61179.81,63429.98,60623.94,63077.18,18440.55,1140626858.17
1715126400,2024-05-07,62323.36,63004.6,60867.52,61179.81,18593.4,1155791451.43
1715040000,2024-05-06,63168.44,64403.15,62274.09,62323.36,20907.17,1326416673.48
1714953600,2024-05-05,64037.5,65517.33,62715.9,63168.44,24082.55,1537928462.74
1714867200,2024-05-04,63904.51,64634.43,62923.47,64037.5,12595.62,803966989.59
1714780800,2024-05-03,62917.45,64539.14,62587.84,63904.51,16206.9,1029192793.92
1714694400,2024-05-02,59083.85,63355.83,58835.76,62917.45,35180.41,2147038663.01
1714608000,2024-05-01,58277.44,59628.08,56936.28,59083.85,29471.89,1724718703.27
1714521600,2024-04-30,60633.97,60788.52,56516.09,58277.44,52053.76,3014503800.73
1714435200,2024-04-29,63847.54,64721.13,59097.29,60633.97,41212.82,2518380270.05
1714348800,2024-04-28,63111.34,64192.54,61768.51,63847.54,21849.86,1370557060.16
1714262400,2024-04-27,63434.44,64335.08,62769.01,63111.34,10104.62,642628554.25
1714176000,2024-04-26,63750.63,63904.85,62408.97,63434.44,12684.85,799665556.56
1714089600,2024-04-25,64488.49,64795.15,63307.56,63750.63,19914.4,1275865834.83
1714003200,2024-04-24,64263.95,65279.7,62759.65,64488.49,26730.52,1713069016.97
1713916800,2024-04-23,66415.06,67067.52,63556.97,64263.95,28785.93,1878460968.73
1713830400,2024-04-22,66854.24,67211.15,65835.93,66415.06,17575.6,1169300050.32
1713744000,2024-04-21,64955.82,67257.68,64536.42,66854.24,22839.75,1510230897.53
1713657600,2024-04-20,64979.21,65724.22,64271.77,64955.82,13150.64,854324202.42
1713571200,2024-04-19,63848.26,65453.07,63140.68,64979.21,13464.03,866105478.99
1713484800,2024-04-18,63511.2,65491.94,59607.49,63848.26,46058.39,2923364930.21
1713398400,2024-04-17,61283.74,64181.25,60829.27,63511.2,31452.84,1972785716.37
1713312000,2024-04-16,63824.7,64503.77,59682.79,61283.74,41504.19,2562816108.8
1713225600,2024-04-15,63447.27,64385.46,61667.72,63824.7,35542.55,2234500815.41
1713139200,2024-04-14,65765.64,66902.94,62328.07,63447.27,40978.19,2658417494.41
1713052800,2024-04-13,64021.36,65874.88,62229.8,65765.64,40968.04,2627998512.52
1712966400,2024-04-12,67158.3,68422.6,61079.47,64021.36,56915.71,3689543158.77
1712880000,2024-04-11,70026.43,71246.69,65257.57,67158.3,49331.17,3367653179.18
1712793600,2024-04-10,70628.54,71297.81,69558.05,70026.43,24988.45,1758820969.32
1712707200,2024-04-09,69129.48,71150.5,67480.7,70628.54,37142.44,2563902180.98
1712620800,2024-04-08,71629.36,71748.92,68213.24,69129.48,34538.71,2411758700.3
1712534400,2024-04-07,69357.32,72750.51,69064.41,71629.36,36459.33,2607488940.79
1712448000,2024-04-06,68913.79,70303.08,68877.35,69357.32,13691.75,951477284.85
1712361600,2024-04-05,67860.53,69672.09,67483.82,68913.79,11314.76,772361130.33
1712275200,2024-04-04,68523.79,68772.34,65994.65,67860.53,32904.8,2219856764.99
1712188800,2024-04-03,65986.11,69343.32,65081.42,68523.79,36673.5,2475521298.64
1712102400,2024-04-02,65466.81,66925.93,64514.87,65986.11,27792.87,1835055534.78
1712016000,2024-04-01,69686.37,69703.1,64571.71,65466.81,48905.67,3234216304.99
1711929600,2024-03-31,71312.91,71325.61,68074.92,69686.37,28892.19,2005923775.26
1711843200,2024-03-30,69629.99,71389.78,69601.39,71312.91,10567.65,745658086.55
1711756800,2024-03-29,69903.72,70356.07,69586.01,69629.99,7371.14,515940317.66
1711670400,2024-03-28,70789.57,70925.04,69059.03,69903.72,17382.89,1216001428.98
1711584000,2024-03-27,69434.46,71593.93,68864.89,70789.57,31346.01,2214217706.88
1711497600,2024-03-26,69990.22,71762.06,68384.71,69434.46,40450.72,2817965870.72
1711411200,2024-03-25,69892.26,71558.85,69294.69,69990.22,32990.33,2319265484.04
1711324800,2024-03-24,67208.33,71202.65,66400.46,69892.26,46100.6,3184570068.52
1711238400,2024-03-23,64004.42,67623.78,63802.82,67208.33,19120.87,1253420264.9
1711152000,2024-03-22,63816.99,66005.71,63025.99,64004.42,19360.47,1250716141.79
1711065600,2024-03-21,65493.22,66643.64,62321.3,63816.99,37343.35,2395884490.04
1710979200,2024-03-20,67857.3,68229.38,64548.09,65493.22,38234.75,2542747734.72
1710892800,2024-03-19,61924.02,68139.33,60782.8,67857.3,69671.19,4466872469.25
1710806400,2024-03-18,67609.44,68116.53,61529.15,61924.02,75848.91,4863914201.82
1710720000,2024-03-17,68364.45,68925.18,66584.49,67609.44,38542.52,2602930945.01
1710633600,2024-03-16,65260.55,68873.88,64529.3,68364.45,29362.49,1962751757.05
1710547200,2024-03-15,69497.39,70043.23,64783.87,65260.55,33956.52,2295869354.32
1710460800,2024-03-14,71366.96,72394.97,65579.78,69497.39,73358.94,5016358153.02
1710374400,2024-03-13,73118.09,73802.64,68493.91,71366.96,60699.01,4325873413.25
1710288000,2024-03-12,71449.5,73672.14,71329.7,73118.09,41314.41,3008299520.61
1710201600,2024-03-11,72095.86,72996.99,68636.43,71449.5,58546.01,4173072731.62
1710115200,2024-03-10,69023.53,72872.77,67170.42,72095.86,62709.74,4476609937.75
1710028800,2024-03-09,68446.32,69976.84,68218.19,69023.53,27686.99,1919585405.6
1709942400,2024-03-08,68269.39,68663.92,68026.81,68446.32,16947.1,1158711168.05
1709856000,2024-03-07,66928.15,70151.23,66173.73,68269.39,59361.92,4046244830.74
1709769600,2024-03-06,66115.57,68065.89,65610.94,66928.15,41800.64,2804368120.13
1709683200,2024-03-05,63804.11,67645.97,62851.27,66115.57,68031.77,4498440968.53
1709596800,2024-03-04,68338.64,69244.55,59268.68,63804.11,126873.13,8263897912.84
1709510400,2024-03-03,63149.43,68562.03,62363.97,68338.64,79177.16,5220774005.79
1709424000,2024-03-02,62038.39,63254.84,61392.4,63149.43,20301.48,1265273119.48
1709337600,2024-03-01,62431.25,62479.07,61631.05,62038.39,20264.53,1257238241.46
1709251200,2024-02-29,61179.58,63226.77,60795.21,62431.25,52747.33,3267402863.37
1709164800,2024-02-28,62507.1,63652.76,60370.98,61179.58,84709.08,5259277822.5
1709078400,2024-02-27,57071.6,64086.08,56726.31,62507.1,102181.72,6171823618.31
1708992000,2024-02-26,54518.58,57612.94,54483.19,57071.6,62683.92,3546751167.69
1708905600,2024-02-25,51727.63,54939.87,50920.53,54518.58,47961.27,2550669499.35
1708819200,2024-02-24,51574.61,51957.87,51288.57,51727.63,12394.68,640224439.02
1708732800,2024-02-23,50744.07,51687.88,50583.66,51574.61,10707.22,548313000.54
1708646400,2024-02-22,51263.67,51509.58,50523.07,50744.07,26365.93,1345274652.99
1708560000,2024-02-21,51854.36,52056.01,50914.97,51263.67,30501.44,1573393306.75
1708473600,2024-02-20,52269.59,52375.42,50633.49,51854.36,32665.42,1676374071.14
1708387200,2024-02-19,51781.22,52985.95,50766.77,52269.59,39504.32,2050493239.79
1708300800,2024-02-18,52139.33,52487.6,51691.25,51781.22,18980.36,989270690.85
1708214400,2024-02-17,51668.78,52393.59,51194.3,52139.33,14716.3,762533081.81
1708128000,2024-02-16,52163.28,52201.89,50647.34,51668.78,17696.94,910308869.83
1708041600,2024-02-15,51934.57,52598.05,51604.88,52163.28,32295.2,1680749372.19
1707955200,2024-02-14,51844.19,52845.45,51357.81,51934.57,42990.13,2239765884.49
1707868800,2024-02-13,49733.11,52085.66,49272.58,51844.19,43948.58,2252886326.88
1707782400,2024-02-12,49942.97,50392.92,48336.83,49733.11,42027.05,2075339722.8
1707696000,2024-02-11,48311.16,50339.2,47718.59,49942.97,47112.86,2319184140.26
1707609600,2024-02-10,47768.12,48597.46,47592.04,48311.16,19858.95,956986637.1
1707523200,2024-02-09,47154.23,48166.14,46894.61,47768.12,16452.46,780554926.36
1707436800,2024-02-08,45304.61,48208.27,45257.22,47154.23,50590.41,2379925849.32
1707350400,2024-02-07,44339.04,45622.13,44333.87,45304.61,39654.68,1785332802.43
1707264000,2024-02-06,43091.51,44402.0,42766.8,44339.04,30331.77,1319628672.43
1707177600,2024-02-05,42664.56,43360.05,42526.92,43091.51,22482.95,966265875.57
1707091200,2024-02-04,42570.21,43518.7,41931.59,42664.56,24867.17,1062866796.14
1707004800,2024-02-03,42999.52,43093.79,42232.02,42570.21,9589.32,410404369.06
1706918400,2024-02-02,43181.71,43355.76,42874.37,42999.52,7556.6,325725942.96
1706832000,2024-02-01,43073.2,43452.76,42536.21,43181.71,26779.09,1152442855.72
1706745600,2024-01-31,42555.08,43267.39,41855.88,43073.2,29018.49,1234469121.23
1706659200,2024-01-30,42943.64,43734.38,42276.82,42555.08,39491.24,1695950546.73
1706572800,2024-01-29,43302.28,43855.77,42690.4,42943.64,34500.06,1498626265.1
1706486400,2024-01-28,42028.92,43308.42,41804.05,43302.28,27783.74,1184671101.99
1706400000,2024-01-27,42124.02,42822.8,41632.18,42028.92,16615.66,702267432.76
1706313600,2024-01-26,41816.55,42191.83,41393.22,42124.02,10632.46,444567824.09
1706227200,2024-01-25,39941.74,42227.71,39814.87,41816.55,42739.48,1763833855.75
1706140800,2024-01-24,40078.62,40280.91,39523.94,39941.74,29183.88,1164224625.52
1706054400,2024-01-23,39876.44,40526.25,39429.31,40078.62,37009.85,1476062916.95
1705968000,2024-01-22,39523.63,40136.09,38512.34,39876.44,46007.49,1805745649.27
1705881600,2024-01-21,41570.17,41669.9,39396.81,39523.63,56109.4,2270442343.15
1705795200,2024-01-20,41677.08,41862.83,41493.59,41570.17,9176.94,382561229.54
1705708800,2024-01-19,41625.47,41846.45,41433.27,41677.08,13096.14,544668570.57
1705622400,2024-01-18,41286.68,42151.57,40246.58,41625.47,45191.13,1864062474.18
1705536000,2024-01-17,42739.27,42876.35,40606.86,41286.68,45180.42,1885882508.36
1705449600,2024-01-16,43130.88,43183.19,42172.64,42739.27,32911.24,1403011843.2
1705363200,2024-01-15,42491.26,43562.19,42047.82,43130.88,36429.24,1565259395.93
1705276800,2024-01-14,41704.39,43325.88,41687.69,42491.26,24561.1,1046074902.52
1705190400,2024-01-13,42839.19,43060.49,41702.53,41704.39,21730.6,924871801.97
1705104000,2024-01-12,42776.42,43243.47,42438.36,42839.19,23024.72,986309535.03
1705017600,2024-01-11,46353.15,46512.17,41454.57,42776.42,87031.78,3855256978.62
1704931200,2024-01-10,46667.48,49054.05,45580.11,46353.15,77548.89,3638877778.74
1704844800,2024-01-09,46123.0,47705.84,44326.32,46667.48,80226.64,3677964834.63
1704758400,2024-01-08,46988.14,47923.17,44889.64,46123.0,66281.93,3083632967.78
1704672000,2024-01-07,43950.84,47295.94,43209.8,46988.14,66057.64,3000303504.99
1704585600,2024-01-06,43988.33,44496.47,43639.57,43950.84,20056.41,884154712.5
1704499200,2024-01-05,44178.89,44248.4,43444.9,43988.33,16352.13,717065469.35
1704412800,2024-01-04,44194.38,44377.15,42508.08,44178.89,54169.3,2368276569.22
1704326400,2024-01-03,42854.08,44797.03,42657.44,44194.38,49538.94,2167748750.23
1704240000,2024-01-02,44970.34,45513.73,40214.67,42854.08,82056.19,3533041051.83
1704153600,2024-01-01,44197.61,45918.98,44181.86,44970.34,57443.36,2596745174.99
1704067200,2023-12-31,42280.14,44210.89,42187.32,44197.61,19499.59,839894208.67
1703980800,2023-12-30,42146.03,42863.11,41970.37,42280.14,21509.24,912867128.16
1703894400,2023-12-29,42073.59,42595.81,41529.95,42146.03,21511.57,905852574.49
1703808000,2023-12-28,42588.94,43134.59,41296.86,42073.59,34268.41,1450476730.93
1703721600,2023-12-27,43469.34,43817.61,42283.91,42588.94,29112.04,1249335317.05
1703635200,2023-12-26,42517.32,43694.83,42121.77,43469.34,27420.29,1178861473.09
1703548800,2023-12-25,43593.79,43604.51,41616.59,42517.32,30529.57,1297798884.96
1703462400,2023-12-24,43023.12,43808.21,42763.83,43593.79,14747.02,639501515.36
1703376000,2023-12-23,43732.75,43965.2,42635.13,43023.12,14281.15,621424795.87
1703289600,2023-12-22,44008.04,44024.62,43338.34,43732.75,10973.31,479555333.8
1703203200,2023-12-21,43875.01,44417.78,43426.51,44008.04,24740.39,1084076406.5
1703116800,2023-12-20,43669.91,44245.16,43306.15,43875.01,29872.95,1306652594.38
1703030400,2023-12-19,42268.08,44303.12,42195.52,43669.91,41481.09,1805958609.9
1702944000,2023-12-18,42650.27,43454.44,41796.54,42268.08,30940.15,1318306822.38
1702857600,2023-12-17,41349.42,42744.41,40512.69,42650.27,32860.71,1362661202.35
1702771200,2023-12-16,42243.26,42372.05,41228.17,41349.42,18460.88,772939037.53
1702684800,2023-12-15,41939.16,42678.86,41640.84,42243.26,13495.73,570286280.98
1702598400,2023-12-14,43030.6,43091.28,41662.1,41939.16,25157.34,1065004798.33
1702512000,2023-12-13,42887.55,43416.91,41433.23,43030.6,34166.34,1460749070.58
1702425600,2023-12-12,41472.94,43461.75,40579.83,42887.55,36203.68,1517574126.2
1702339200,2023-12-11,41235.58,42080.61,40648.18,41472.94,31480.37,1305859570.88
1702252800,2023-12-10,43791.67,43808.9,40180.77,41235.58,58689.61,2446801856.72
1702166400,2023-12-09,43723.0,44047.82,43584.51,43791.67,11497.59,503801762.3
1702080000,2023-12-08,44186.18,44373.02,43597.57,43723.0,15066.31,662982186.27
1701993600,2023-12-07,43285.02,44735.52,43094.02,44186.18,29502.75,1292562850.41
1701907200,2023-12-06,43771.01,44050.53,42856.57,43285.02,30381.14,1320509439.92
1701820800,2023-12-05,44089.06,44286.67,43386.17,43771.01,39080.76,1715623988.73
1701734400,2023-12-04,41984.41,44639.18,41368.51,44089.06,52083.86,2234743414.43
1701648000,2023-12-03,39980.93,42399.42,39980.36,41984.41,48574.89,2012390115.57
1701561600,2023-12-02,39469.35,40203.23,39288.91,39980.93,16087.63,638707315.07
1701475200,2023-12-01,38699.84,39712.52,38659.45,39469.35,17299.38,677167721.21
1701388800,2023-11-30,37729.58,38982.35,37626.12,38699.84,32942.59,1268612412.23
1701302400,2023-11-29,37861.9,38149.78,37505.7,37729.58,16874.61,637264648.28
1701216000,2023-11-28,37836.63,38456.97,37589.12,37861.9,27433.75,1041457987.13
1701129600,2023-11-27,37246.29,38410.41,36879.99,37836.63,33506.06,1265755538.49
1701043200,2023-11-26,37460.21,37568.17,36727.3,37246.29,24674.21,914744666.52
1700956800,2023-11-25,37801.92,37829.46,37159.52,37460.21,12751.26,478214999.45
1700870400,2023-11-24,37737.05,37907.84,37616.03,37801.92,8271.55,312424824.64
1700784000,2023-11-23,37299.18,38432.07,37262.39,37737.05,34951.5,1322597274.57
1700697600,2023-11-22,37424.2,37646.06,36892.34,37299.18,16793.76,626668140.1
1700611200,2023-11-21,35758.72,37866.63,35656.41,37424.2,36262.61,1335151412.8
1700524800,2023-11-20,37476.66,37665.29,35753.93,35758.72,42793.3,1579350547.76
1700438400,2023-11-19,37388.64,37770.11,36767.05,37476.66,31117.45,1162294169.25
1700352000,2023-11-18,36591.19,37529.1,36411.61,37388.64,11668.93,430198062.65
1700265600,2023-11-17,36626.32,36853.45,36212.85,36591.19,8649.03,316037508.01
1700179200,2023-11-16,36162.42,36780.63,35873.7,36626.32,28253.69,1027029255.11
1700092800,2023-11-15,37884.19,37951.14,35512.38,36162.42,38917.77,1428319260.74
1700006400,2023-11-14,35551.21,37977.31,35374.22,37884.19,39005.98,1436101057.95
1699920000,2023-11-13,36482.51,36752.31,34788.17,35551.21,33896.65,1219819360.84
1699833600,2023-11-12,37079.76,37429.52,36358.0,36482.51,24368.53,897671274.64
1699747200,2023-11-11,37142.22,37233.45,36747.05,37079.76,9320.87,345567975.97
1699660800,2023-11-10,37321.51,37417.29,36701.83,37142.22,14920.5,553215494.09
1699574400,2023-11-09,36704.14,37536.44,36342.27,37321.51,32545.3,1206040827.09
1699488000,2023-11-08,35638.33,37990.51,35557.78,36704.14,62530.57,2296501186.4
1699401600,2023-11-07,35421.85,36109.43,35120.46,35638.33,26404.64,937630450.49
1699315200,2023-11-06,35054.59,35929.83,34537.87,35421.85,28810.78,1012278827.62
1699228800,2023-11-05,35039.47,35288.36,34758.64,35054.59,17520.44,613732584.95
1699142400,2023-11-04,35086.09,35393.84,34489.02,35039.47,15210.52,533016306.01
1699056000,2023-11-03,34732.28,35278.07,34606.38,35086.09,10840.41,377653497.47
1698969600,2023-11-02,34947.15,34950.21,34118.29,34732.28,27811.97,960199464.71
1698883200,2023-11-01,35439.76,35973.2,34323.19,34947.15,31205.25,1097011932.14
1698796800,2023-10-31,34657.73,35623.76,34096.9,35439.76,34274.26,1190955576.06
1698710400,2023-10-30,34494.56,34726.05,34058.4,34657.73,21982.74,756326173.72
1698624000,2023-10-29,34535.38,34862.12,34090.22,34494.56,23948.89,825552244.82
1698537600,2023-10-28,34090.05,34761.09,33947.8,34535.38,13639.48,469534963.71
1698451200,2023-10-27,33907.7,34494.4,33876.07,34090.05,10888.97,371696781.35
1698364800,2023-10-26,34157.06,34246.78,33406.13,33907.7,30792.41,1044635721.14
1698278400,2023-10-25,34503.4,34836.51,33746.16,34157.06,36463.09,1248469956.72
1698192000,2023-10-24,33923.52,35136.87,33698.9,34503.4,43002.87,1481128342.82
1698105600,2023-10-23,33084.08,35183.22,32857.8,33923.52,75112.67,2559949343.79
1698019200,2023-10-22,30001.44,34739.17,29898.26,33084.08,73249.41,2308556876.22
1697932800,2023-10-21,29924.08,30232.64,29674.58,30001.44,13845.91,414432274.92
1697846400,2023-10-20,29684.37,30365.61,29480.22,29924.08,15637.83,467626116.49
1697760000,2023-10-19,28733.78,30243.12,28596.96,29684.37,42016.08,1241026952.55
1697673600,2023-10-18,28328.07,28927.17,28135.5,28733.78,25550.36,730081363.3
1697587200,2023-10-17,28409.46,28988.79,28156.7,28328.07,23999.55,682875511.71
1697500800,2023-10-16,28518.37,28628.83,28094.14,28409.46,26038.83,739741149.31
1697414400,2023-10-15,27177.41,30009.15,27131.48,28518.37,66720.48,1884462991.7
1697328000,2023-10-14,26854.52,27297.26,26813.06,27177.41,10978.68,297110024.59
1697241600,2023-10-13,26862.9,26982.78,26810.02,26854.52,5865.21,157685357.78
1697155200,2023-10-12,26756.23,27110.91,26674.97,26862.9,18507.04,496779424.55
1697068800,2023-10-11,26871.21,26937.98,26549.78,26756.23,16400.37,438531983.5
1696982400,2023-10-10,27395.4,27475.69,26531.55,26871.21,30496.51,821395574.15
1696896000,2023-10-09,27598.77,27735.72,27298.5,27395.4,18600.95,511109469.33
1696809600,2023-10-08,27933.57,27999.8,27282.89,27598.77,21887.87,603964078.09
1696723200,2023-10-07,27973.69,28105.36,27714.35,27933.57,8547.03,238690010.87
1696636800,2023-10-06,27946.61,28035.05,27864.11,27973.69,7351.08,205394649.0
1696550400,2023-10-05,27414.59,28280.04,27181.63,27946.61,25278.57,701648471.47
1696464000,2023-10-04,27789.8,28128.37,27363.01,27414.59,25127.82,696054430.54
1696377600,2023-10-03,27428.66,27836.54,27222.97,27789.8,18061.23,497243557.18
1696291200,2023-10-02,27507.22,27669.05,27170.07,27428.66,22621.25,620603083.21
1696204800,2023-10-01,27994.51,28585.13,27312.81,27507.22,42701.42,1198411956.48
1696118400,2023-09-30,26964.27,28060.49,26958.76,27994.51,16861.15,464200302.08
1696032000,2023-09-29,26909.4,27095.39,26887.09,26964.27,7260.78,195916128.74
1695945600,2023-09-28,27027.2,27233.94,26674.22,26909.4,21721.72,585322764.87
1695859200,2023-09-27,26360.2,27306.05,26328.53,27027.2,30832.51,827813877.45
1695772800,2023-09-26,26212.59,26828.5,26096.78,26360.2,24188.11,638562791.04
1695686400,2023-09-25,26297.93,26395.42,26090.75,26212.59,12902.09,338286231.16
1695600000,2023-09-24,26261.44,26439.02,25997.17,26297.93,19804.27,518905094.49
1695513600,2023-09-23,26585.41,26732.91,26146.79,26261.44,9848.35,260953441.64
1695427200,2023-09-22,26583.16,26640.84,26522.49,26585.41,5251.29,139605320.21
1695340800,2023-09-21,26567.47,26738.04,26478.87,26583.16,15354.82,408613785.26
1695254400,2023-09-20,27126.4,27162.0,26373.55,26567.47,20948.1,559336631.68
1695168000,2023-09-19,27219.02,27389.22,26814.07,27126.4,21439.58,581302466.15
1695081600,2023-09-18,26767.82,27493.85,26676.6,27219.02,24703.82,670630172.73
1694995200,2023-09-17,26533.12,27425.7,26394.81,26767.82,29536.95,797114111.3
1694908800,2023-09-16,26569.13,26621.93,26413.39,26533.12,5698.34,151125765.17
1694822400,2023-09-15,26605.49,26771.68,26459.99,26569.13,7062.9,187703875.45
1694736000,2023-09-14,26533.66,26879.57,26224.91,26605.49,17339.0,459310066.65
1694649600,2023-09-13,26227.49,26845.74,26136.39,26533.66,24488.8,649517751.61
1694563200,2023-09-12,25840.34,26432.59,25768.65,26227.49,18955.32,495397769.94
1694476800,2023-09-11,25157.07,26545.24,25128.37,25840.34,36111.44,937711286.48
1694390400,2023-09-10,25833.67,25889.38,24911.78,25157.07,24481.75,619642052.88
1694304000,2023-09-09,25898.41,26020.84,25589.02,25833.67,8434.22,217583144.54
1694217600,2023-09-08,25907.13,25936.62,25799.89,25898.41,4094.4,105931726.4
1694131200,2023-09-07,26264.75,26443.61,25650.9,25907.13,18556.34,482397556.59
1694044800,2023-09-06,25751.71,26426.41,25600.8,26264.75,18952.45,491838528.79
1693958400,2023-09-05,25785.01,26019.64,25379.85,25751.71,15183.61,390027105.24
1693872000,2023-09-04,25816.24,25878.61,25567.56,25785.01,10888.31,280146729.52
1693785600,2023-09-03,25971.37,26089.36,25636.28,25816.24,8832.41,228454428.06
1693699200,2023-09-02,25868.56,26115.72,25805.82,25971.37,6190.05,160541183.85
1693612800,2023-09-01,25798.79,25980.31,25729.66,25868.56,7017.96,181289556.36
1693526400,2023-08-31,25937.29,26137.14,25323.44,25798.79,24807.18,639696809.37
1693440000,2023-08-30,27305.41,27563.68,25683.18,25937.29,27850.06,741278108.53
1693353600,2023-08-29,27724.41,27766.41,27036.49,27305.41,19031.6,520197058.0
1693267200,2023-08-28,26106.0,28154.08,25911.89,27724.41,39870.36,1089036684.85
1693180800,2023-08-27,26091.32,26233.53,25861.84,26106.0,11633.38,302943657.3
1693094400,2023-08-26,26010.35,26168.79,25966.75,26091.32,4137.97,107924452.3
1693008000,2023-08-25,26051.29,26109.19,25979.58,26010.35,3572.84,93024725.64
1692921600,2023-08-24,26166.22,26291.13,25759.58,26051.29,18808.91,489263026.85
1692835200,2023-08-23,26429.4,26565.88,25859.32,26166.22,17135.14,449180401.68
1692748800,2023-08-22,26043.01,26807.82,25802.48,26429.4,25584.15,672652092.31
1692662400,2023-08-21,26126.18,26137.6,25369.8,26043.01,19880.36,514473682.56
1692576000,2023-08-20,26191.01,26248.2,25819.92,26126.18,16512.71,430024076.12
1692489600,2023-08-19,26095.8,26291.33,25983.85,26191.01,7358.66,192271431.08
1692403200,2023-08-18,26049.69,26266.25,25797.39,26095.8,10190.62,265159375.46
1692316800,2023-08-17,26629.67,26823.13,25629.62,26049.69,33853.32,888090076.41
1692230400,2023-08-16,28702.8,28752.02,25328.06,26629.67,50603.71,1394530695.43
1692144000,2023-08-15,29171.23,29228.22,28696.21,28702.8,16506.96,479152538.98
1692057600,2023-08-14,29409.22,29460.86,29056.77,29171.23,10214.85,299026558.28
1691971200,2023-08-13,29281.55,29664.61,29082.39,29409.22,12333.02,362522208.47
1691884800,2023-08-12,29417.08,29447.27,29257.12,29281.55,3928.8,115373186.78
1691798400,2023-08-11,29403.56,29471.12,29356.08,29417.08,3495.96,102819295.5
1691712000,2023-08-10,29428.1,29535.4,29219.56,29403.56,10550.47,310027638.11
1691625600,2023-08-09,29566.47,29707.55,29319.58,29428.1,12722.06,375142806.93
1691539200,2023-08-08,29770.51,30120.86,29356.43,29566.47,17933.09,532770863.32
1691452800,2023-08-07,29182.16,30210.36,29111.88,29770.51,26561.94,786792606.34
1691366400,2023-08-06,29046.16,29245.27,28672.37,29182.16,16388.65,475156597.17
1691280000,2023-08-05,29050.34,29164.68,28962.89,29046.16,4361.16,126689336.09
1691193600,2023-08-04,29078.51,29111.36,28953.98,29050.34,4135.0,120051247.27
1691107200,2023-08-03,29177.75,29308.95,28794.51,29078.51,12900.38,375805085.38
1691020800,2023-08-02,29163.69,29397.03,28945.61,29177.75,15427.08,450334651.17
1690934400,2023-08-01,29699.74,30029.06,28914.46,29163.69,28507.89,838251477.68
1690848000,2023-07-31,29231.47,29721.48,28564.09,29699.74,28319.33,822433494.24
1690761600,2023-07-30,29283.34,29524.99,29108.82,29231.47,14553.25,426457343.16
1690675200,2023-07-29,29358.76,29449.84,29043.43,29283.34,7661.41,224246250.77
1690588800,2023-07-28,29316.82,29406.57,29258.14,29358.76,4989.17,146316009.97
1690502400,2023-07-27,29217.05,29528.45,29121.24,29316.82,11707.43,342975082.63
1690416000,2023-07-26,29352.06,29566.99,29082.04,29217.05,12727.55,373268935.18
1690329600,2023-07-25,29226.63,29682.98,29098.81,29352.06,16583.36,486510821.91
1690243200,2023-07-24,29181.04,29367.59,29054.49,29226.63,12141.51,354541899.17
1690156800,2023-07-23,30085.68,30097.78,28860.94,29181.04,25436.68,744538575.95
1690070400,2023-07-22,29791.61,30345.9,29738.58,30085.68,8140.53,244328645.64
1689984000,2023-07-21,29911.46,30000.3,29635.44,29791.61,6111.68,182484169.27
1689897600,2023-07-20,29809.61,30060.04,29737.09,29911.46,13254.74,395907301.04
1689811200,2023-07-19,29918.6,30417.9,29577.88,29809.61,19269.41,577250260.25
1689724800,2023-07-18,29863.79,30193.82,29765.06,29918.6,14893.37,446435257.92
1689638400,2023-07-17,30147.68,30244.13,29538.16,29863.79,18759.37,560798877.42
1689552000,2023-07-16,30248.17,30340.04,29675.15,30147.68,18560.1,558752237.54
1689465600,2023-07-15,30298.45,30450.66,30083.92,30248.17,7411.25,224532522.64
1689379200,2023-07-14,30331.09,30403.12,30258.91,30298.45,4925.15,149344124.18
1689292800,2023-07-13,31475.78,31636.78,29929.3,30331.09,33129.0,1021600213.08
1689206400,2023-07-12,30385.22,31844.94,30259.09,31475.78,42344.72,1314075890.88
1689120000,2023-07-11,30626.62,30977.57,30214.19,30385.22,24693.12,755704294.14
1689033600,2023-07-10,30421.04,30805.91,30314.1,30626.62,17665.77,539220942.45
1688947200,2023-07-09,30171.49,31045.4,29964.03,30421.04,22193.83,674592681.26
1688860800,2023-07-08,30294.36,30441.0,30074.68,30171.49,7139.62,216124236.01
1688774400,2023-07-07,30349.69,30383.67,30056.18,30294.36,6360.91,192238272.3
1688688000,2023-07-06,29907.98,30450.48,29725.12,30349.69,19368.34,584908167.72
1688601600,2023-07-05,30503.07,31521.11,29869.18,29907.98,30802.77,942103548.67
1688515200,2023-07-04,30774.39,30877.17,30201.06,30503.07,15878.7,484235780.2
1688428800,2023-07-03,31160.24,31331.3,30638.68,30774.39,13276.48,411450957.26
1688342400,2023-07-02,30617.66,31388.17,30575.7,31160.24,19619.43,606995802.76
1688256000,2023-07-01,30590.76,30788.75,30181.34,30617.66,8660.66,264438993.35
1688169600,2023-06-30,30471.06,30653.27,30321.27,30590.76,7261.71,221634243.18
1688083200,2023-06-29,30447.17,31272.25,29465.7,30471.06,47299.15,1438707503.25
1687996800,2023-06-28,30078.9,30833.99,30043.07,30447.17,21447.12,654120553.86
1687910400,2023-06-27,30696.99,30714.46,29862.15,30078.9,19096.02,577536151.3
1687824000,2023-06-26,30271.91,31013.13,30232.66,30696.99,22312.5,683163079.08
1687737600,2023-06-25,30473.64,30658.58,29930.89,30271.91,21681.68,656487409.95
1687651200,2023-06-24,30548.2,31051.66,30297.61,30473.64,13393.19,410384145.76
1687564800,2023-06-23,30705.39,30811.37,30276.97,30548.2,13046.45,399256498.04
1687478400,2023-06-22,29892.81,31416.26,29818.21,30705.39,41294.22,1263857697.39
1687392000,2023-06-21,30000.55,30499.85,29611.53,29892.81,34380.15,1034077333.64
1687305600,2023-06-20,28319.35,30780.84,28276.59,30000.55,57981.94,1710075101.48
1687219200,2023-06-19,26842.09,28407.13,26648.29,28319.35,45985.63,1265530107.38
1687132800,2023-06-18,26338.0,27036.32,26265.34,26842.09,17956.62,477713441.96
1687046400,2023-06-17,26510.43,26686.77,26260.74,26338.0,9378.95,248624880.04
1686960000,2023-06-16,26330.59,26780.79,26170.91,26510.43,12515.48,331591669.75
1686873600,2023-06-15,25574.36,26479.27,25205.5,26330.59,27648.16,715401866.52
1686787200,2023-06-14,25125.73,25740.96,24765.75,25574.36,32804.74,824201465.11
1686700800,2023-06-13,25928.94,26074.14,24836.48,25125.73,26761.01,684056303.1
1686614400,2023-06-12,25905.64,26425.22,25717.6,25928.94,23047.35,599487905.69
1686528000,2023-06-11,25937.58,26099.5,25629.48,25905.64,17060.82,441188405.58
1686441600,2023-06-10,25856.18,26214.2,25655.94,25937.58,13172.72,341057974.45
1686355200,2023-06-09,26483.81,26533.58,25424.05,25856.18,31361.96,809187356.13
1686268800,2023-06-08,26509.09,26777.91,26290.32,26483.81,16583.88,439912147.38
1686182400,2023-06-07,26348.91,26816.33,26225.25,26509.09,15156.05,401604313.0
1686096000,2023-06-06,27269.02,27423.02,26132.38,26348.91,30599.1,816508052.84
1686009600,2023-06-05,25740.46,27379.88,25380.61,27269.02,38336.34,1007782393.96
1685923200,2023-06-04,27125.24,27135.1,25411.77,25740.46,37219.66,973121005.98
1685836800,2023-06-03,27078.3,27451.16,26964.17,27125.24,9147.43,248793311.51
1685750400,2023-06-02,27251.14,27330.86,26946.35,27078.3,8092.89,219785033.16
1685664000,2023-06-01,26825.73,27305.0,26519.23,27251.14,23786.38,643162971.0
1685577600,2023-05-31,27220.17,27347.94,26628.22,26825.73,23979.7,645324727.67
1685491200,2023-05-30,27703.56,27836.82,26853.57,27220.17,28352.48,770131646.3
1685404800,2023-05-29,27746.07,28052.68,27568.98,27703.56,23615.79,656814149.04
1685318400,2023-05-28,28077.57,28450.88,27546.65,27746.07,21644.99,604161699.4
1685232000,2023-05-27,26872.59,28249.51,26789.58,28077.57,19785.88,543751511.42
1685145600,2023-05-26,26719.7,26902.14,26585.34,26872.59,7427.77,198605797.63
1685059200,2023-05-25,26480.21,26940.67,26338.96,26719.7,20356.54,542617989.88
1684972800,2023-05-24,26326.17,26605.5,25882.27,26480.21,22984.71,604389199.53
1684886400,2023-05-23,27224.7,27225.89,26092.06,26326.17,31836.22,843296169.29
1684800000,2023-05-22,26855.4,27480.33,26808.03,27224.7,21235.04,578611517.74
1684713600,2023-05-21,26755.17,27084.08,26548.27,26855.4,17684.89,474287648.56
1684627200,2023-05-20,27118.54,27280.07,26691.06,26755.17,11973.11,322799242.35
1684540800,2023-05-19,26888.42,27164.5,26840.23,27118.54,7375.52,199050865.32
1684454400,2023-05-18,26823.31,27178.6,26668.92,26888.42,16460.59,442561192.0
1684368000,2023-05-17,27406.21,27476.67,26379.63,26823.31,27707.43,749234030.86
1684281600,2023-05-16,27036.57,27488.05,26565.39,27406.21,29196.37,788279620.49
1684195200,2023-05-15,27176.27,27304.97,26869.45,27036.57,23994.43,649282623.49
1684108800,2023-05-14,26931.44,27668.19,26759.29,27176.27,27959.1,764041771.98
1684022400,2023-05-13,26788.88,27189.55,26611.92,26931.44,11877.98,319668371.39
1683936000,2023-05-12,26807.09,27043.5,26705.45,26788.88,12502.23,335722601.8
1747094400,2025-05-12,102802.44,105015.14,101466.16,104136.59,20326.97,2105889171.38
1747008000,2025-05-11,104124.02,105783.35,100723.18,102802.44,27678.93,2862364942.19
1746921600,2025-05-10,104814.08,104958.29,103353.87,104124.02,10980.95,1144137614.49
1746835200,2025-05-09,102982.3,104980.23,102830.2,104814.08,9107.42,944047262.42
1746748800,2025-05-08,103259.0,104353.74,102332.43,102982.3,22760.45,2345592246.87
1746662400,2025-05-07,97052.27,104147.97,96905.18,103259.0,40299.96,4054486165.35
1746576000,2025-05-06,96835.87,97720.02,95816.56,97052.27,20000.95,1936285634.4
1746489600,2025-05-05,94767.95,96911.52,93382.91,96835.87,18330.26,1735613081.89
1746403200,2025-05-04,94394.09,95224.21,93694.42,94767.95,17619.91,1661608010.46
1746316800,2025-05-03,95903.14,96326.95,94313.27,94394.09,10960.75,1046015845.6
1746230400,2025-05-02,96925.07,96963.89,95826.0,95903.14,7082.92,682121711.48
1746144000,2025-05-01,96519.31,97939.99,96386.78,96925.07,16175.06,1571644595.63
1746057600,2025-04-30,94186.14,97505.38,94150.92,96519.31,23665.14,2278228402.24
1745971200,2025-04-29,94274.16,95250.77,92968.85,94186.14,21486.05,2024539251.94
1745884800,2025-04-28,95035.06,95487.2,93780.51,94274.16,16856.75,1599631635.46
1745798400,2025-04-27,93777.44,95636.66,92864.35,95035.06,20417.05,1925071151.02
1745712000,2025-04-26,94663.66,95346.43,93671.22,93777.44,7713.95,726739226.7
1745625600,2025-04-25,94711.24,95258.03,93916.48,94663.66,7391.42,698471645.53
1745539200,2025-04-24,94022.48,95924.19,92883.11,94711.24,32483.13,3078073390.5
1745452800,2025-04-23,93729.23,94047.54,91693.21,94022.48,21490.53,2000861098.9
1745366400,2025-04-22,93483.3,94656.65,91943.03,93729.23,32977.9,3081124602.45
1745280000,2025-04-21,87515.57,93937.07,87084.84,93483.3,42804.67,3880446944.47
1745193600,2025-04-20,85167.14,88526.3,85132.52,87515.57,30403.0,2657452654.45
1745107200,2025-04-19,85061.54,85302.3,83954.54,85167.14,5694.47,482671707.92
1745020800,2025-04-18,84459.96,85614.27,84355.7,85061.54,5342.18,454642234.58
1744934400,2025-04-17,84943.42,85132.75,84287.73,84459.96,5504.81,465771169.06
1744848000,2025-04-16,84029.4,85472.23,83725.98,84943.42,15229.6,1288802970.79
1744761600,2025-04-15,83638.17,85485.35,83094.96,84029.4,22244.37,1871983984.29
1744675200,2025-04-14,84575.75,86473.18,83596.04,83638.17,18210.0,1548187876.56
1744588800,2025-04-13,83730.92,85796.21,83667.03,84575.75,24118.6,2042899221.49
1744502400,2025-04-12,85272.12,86079.47,83019.76,83730.92,16310.95,1375187409.37
1744416000,2025-04-11,83386.0,85899.74,82766.93,85272.12,14180.76,1196895442.75
1744329600,2025-04-10,79554.96,84266.51,78924.27,83386.0,29349.5,2412186958.4
1744243200,2025-04-09,82587.03,82710.13,78405.82,79554.96,31362.13,2526317821.03
1744156800,2025-04-08,76255.1,83574.06,74569.86,82587.03,62853.19,4963132858.37
1744070400,2025-04-07,79143.06,80835.83,76181.24,76255.1,39397.81,3084760820.88
1743984000,2025-04-06,78365.57,81172.27,74426.93,79143.06,71279.71,5546499783.12
1743897600,2025-04-05,83503.37,83756.1,77079.93,78365.57,29753.86,2374631982.2
1743811200,2025-04-04,83860.21,84230.44,82357.52,83503.37,7478.68,622496989.4
1743724800,2025-04-03,83158.8,84716.02,81648.68,83860.21,37104.6,3085885741.07
1743638400,2025-04-02,82490.58,83928.41,81178.57,83158.8,28340.47,2335462308.44
1743552000,2025-04-01,85174.96,88505.24,82299.2,82490.58,41160.08,3519914220.4
1743465600,2025-03-31,82539.52,85554.98,82419.98,85174.96,23296.36,1962356062.59
1743379200,2025-03-30,82379.51,83917.4,81290.13,82539.52,22937.49,1894666416.64
1743292800,2025-03-29,82625.65,83516.72,81563.47,82379.51,10151.57,839590269.08
1743206400,2025-03-28,84387.01,84583.02,81634.23,82625.65,11328.65,938834818.34
1743120000,2025-03-27,87218.89,87492.39,83544.63,84387.01,25383.93,2152567384.16
1743033600,2025-03-26,86923.95,87779.02,85817.84,87218.89,16968.52,1476492894.46
1742947200,2025-03-25,87439.7,88297.12,85867.66,86923.95,19657.36,1711822847.59
1742860800,2025-03-24,87520.48,88575.0,86325.18,87439.7,23097.19,2023574450.81
1742774400,2025-03-23,86091.67,88782.52,85546.71,87520.48,26225.71,2301262365.85
1742688000,2025-03-22,83837.39,86126.45,83807.2,86091.67,7450.59,632787991.66
1742601600,2025-03-21,84060.48,84503.68,83661.65,83837.39,4784.27,402548876.3
1742515200,2025-03-20,84178.31,84798.7,83129.17,84060.48,15799.47,1326866772.29
1742428800,2025-03-19,86878.5,87483.4,83611.66,84178.31,25040.14,2135028136.81
1742342400,2025-03-18,82716.74,87036.45,82562.03,86878.5,30764.1,2600942940.47
1742256000,2025-03-17,84025.12,84039.3,81137.39,82716.74,20939.97,1721702159.89
1742169600,2025-03-16,82572.37,84760.98,82442.95,84025.12,19966.07,1667911609.42
1742083200,2025-03-15,84355.92,85083.1,81992.19,82572.37,13119.21,1094031604.62
1741996800,2025-03-14,83995.47,84688.82,83628.73,84355.92,6081.09,512466916.19
1741910400,2025-03-13,81081.43,85315.9,80787.81,83995.47,27692.23,2317052000.16
1741824000,2025-03-12,83665.14,84307.29,79915.4,81081.43,25813.81,2112762232.49
1741737600,2025-03-11,82919.47,84410.29,80596.11,83665.14,33320.8,2750448405.11
1741651200,2025-03-10,78561.62,83608.26,76581.52,82919.47,46456.32,3744822903.84
1741564800,2025-03-09,80719.05,84037.25,77420.92,78561.62,54996.98,4414695361.63
1741478400,2025-03-08,86225.0,86509.85,80006.76,80719.05,23565.36,1952362587.51
1741392000,2025-03-07,86766.61,86860.89,85206.97,86225.0,10574.16,910862167.44
1741305600,2025-03-06,89931.91,91275.25,84649.25,86766.61,70464.28,6196139350.73
1741219200,2025-03-05,90610.8,92808.83,87818.33,89931.91,38977.52,3512025157.48
1741132800,2025-03-04,87255.42,91001.98,86341.87,90610.8,38856.74,3457722668.91
1741046400,2025-03-03,86158.95,88941.97,81449.43,87255.42,67017.22,5671376306.72
1740960000,2025-03-02,94275.76,94415.65,85071.66,86158.95,65233.7,5844734403.0
1740873600,2025-03-01,86050.58,95106.04,85047.82,94275.76,48038.07,4350642164.47
1740787200,2025-02-28,84322.57,86537.62,83798.96,86050.58,18530.02,1577375765.18
1740700800,2025-02-27,84657.34,85114.25,78203.72,84322.57,79539.18,6502539275.13
1740614400,2025-02-26,84128.38,87008.08,82601.58,84657.34,46301.47,3929681159.63
1740528000,2025-02-25,88609.26,89320.19,82199.13,84128.38,59111.39,5069737664.07
1740441600,2025-02-24,91536.97,92540.35,85944.14,88609.26,73085.74,6473414678.86
1740355200,2025-02-23,96274.12,96514.26,91349.77,91536.97,31216.13,2945422583.03
1740268800,2025-02-22,96580.46,96674.04,95255.75,96274.12,7473.29,718043733.58
1740182400,2025-02-21,96150.27,96973.86,95771.79,96580.46,11673.75,1126120706.18
1740096000,2025-02-20,98345.66,99519.21,94775.25,96150.27,40404.88,3928905117.72
1740009600,2025-02-19,96640.99,98763.14,96430.11,98345.66,21068.47,2057024374.7
1739923200,2025-02-18,95630.67,96885.35,95032.61,96640.99,17048.51,1637124692.48
1739836800,2025-02-17,95790.31,96736.69,93361.47,95630.67,26359.54,2502902525.93
1739750400,2025-02-16,96132.69,97046.2,95226.61,95790.31,14565.31,1398128550.67
1739664000,2025-02-15,97596.21,97728.27,96069.15,96132.69,6632.76,643146269.46
1739577600,2025-02-14,97508.71,97979.54,97245.24,97596.21,5831.48,569120592.04
1739491200,2025-02-13,96632.78,98869.28,96282.72,97508.71,20187.22,1966704817.61
1739404800,2025-02-12,97874.61,98104.11,95225.08,96632.78,23246.76,2236344585.75
1739318400,2025-02-11,95781.05,98127.45,94087.33,97874.61,40118.73,3853980407.7
1739232000,2025-02-10,97458.59,98499.44,94852.37,95781.05,29002.62,2800036234.45
1739145600,2025-02-09,96485.6,98363.35,95276.7,97458.59,28119.4,2731410651.57
1739059200,2025-02-08,96475.59,97340.86,94752.27,96485.6,18638.48,1791686347.07
1738972800,2025-02-07,96532.73,96906.35,95685.31,96475.59,12529.37,1207354073.88
1738886400,2025-02-06,96564.27,100202.29,95630.04,96532.73,51939.12,5075285222.44
1738800000,2025-02-05,96633.71,99180.75,95691.57,96564.27,44725.1,4349625340.99
1738713600,2025-02-04,97794.88,99208.65,96175.47,96633.71,42695.62,4171560523.14
1738627200,2025-02-03,101451.28,101800.32,95090.81,97794.88,63348.17,6271562966.61
1738540800,2025-02-02,97665.06,102575.82,91142.87,101451.28,119095.77,11504010038.06
1738454400,2025-02-01,100619.87,101436.9,96158.45,97665.06,56620.33,5562003741.78
1738368000,2025-01-31,102412.41,102768.26,100270.22,100619.87,15691.73,1595801666.26
1738281600,2025-01-30,104739.58,106101.91,101514.21,102412.41,42222.31,4378171064.39
1738195200,2025-01-29,103742.97,106472.04,103297.81,104739.58,36659.17,3857857706.34
1738108800,2025-01-28,101284.47,104796.98,101279.83,103742.97,47080.07,4842279589.43
1738022400,2025-01-27,102065.72,103787.72,100221.08,101284.47,44096.37,4510250877.49
1737936000,2025-01-26,102576.93,103230.24,97712.77,102065.72,94472.14,9486896779.23
1737849600,2025-01-25,104733.15,105475.33,102487.8,102576.93,14118.63,1469434497.98
1737763200,2025-01-24,104854.78,105282.15,104107.08,104733.15,11835.64,1239370331.55
1737676800,2025-01-23,103933.88,107170.86,102751.09,104854.78,40201.93,4233037157.97
1737590400,2025-01-22,103669.08,106865.3,101221.0,103933.88,94063.64,9801561614.73
1737504000,2025-01-21,106155.61,106398.57,103321.48,103669.08,43996.49,4603973397.2
1737417600,2025-01-20,102148.74,107252.77,100069.04,106155.61,84552.76,8798621119.3
1737331200,2025-01-19,101212.56,109340.21,99449.75,102148.74,68840.35,7208305685.37
1737244800,2025-01-18,104431.52,106317.18,99537.53,101212.56,41597.34,4325905602.1
1737158400,2025-01-17,104111.13,104927.11,102234.37,104431.52,25366.61,2633222970.99
1737072000,2025-01-16,99979.43,105926.06,99941.15,104111.13,54200.85,5613810480.0
1736985600,2025-01-15,100510.84,100867.35,97275.38,99979.43,43426.87,4314930790.39
1736899200,2025-01-14,96526.87,100719.11,96466.75,100510.84,43167.2,4261664752.23
1736812800,2025-01-13,94517.66,97357.87,94324.09,96526.87,44347.27,4263471095.02
1736726400,2025-01-12,94505.67,95894.16,89153.4,94517.66,67978.59,6274787648.38
1736640000,2025-01-11,94569.95,95388.08,93675.7,94505.67,10865.93,1027482279.92
1736553600,2025-01-10,94710.29,94985.54,93826.56,94569.95,9594.23,905586720.06
1736467200,2025-01-09,92548.12,95845.36,92206.53,94710.29,55479.83,5217667771.49
1736380800,2025-01-08,95051.06,95345.44,91197.56,92548.12,50519.28,4696698492.32
1736294400,2025-01-07,96942.47,97251.53,92488.45,95051.06,57721.92,5480363249.42
1736208000,2025-01-06,102282.2,102747.54,96112.95,96942.47,54319.14,5348079997.25
1736121600,2025-01-05,98346.97,102530.34,97908.09,102282.2,46146.96,4654078182.67
1736035200,2025-01-04,98213.69,98818.4,97248.4,98346.97,9872.68,967941540.09
1735948800,2025-01-03,98135.8,98757.16,97522.47,98213.69,9919.49,972181437.3
1735862400,2025-01-02,96900.96,98963.23,96021.74,98135.8,28427.3,2773288955.93
1735776000,2025-01-01,94392.51,97766.59,94197.85,96900.96,38283.3,3693985155.25
1735689600,2024-12-31,93391.98,94953.5,92728.81,94392.51,19153.02,1798161467.81
1735603200,2024-12-30,92646.21,96139.7,91894.97,93391.98,38897.74,3659994868.24
1735516800,2024-12-29,93564.85,94910.24,91310.52,92646.21,56846.06,5287498462.5
1735430400,2024-12-28,95140.15,95175.67,92850.44,93564.85,17921.9,1684134735.83
1735344000,2024-12-27,94170.09,95542.25,94008.53,95140.15,14159.69,1339743546.48
1735257600,2024-12-26,95680.19,97351.17,93270.34,94170.09,47149.3,4479654695.05
1735171200,2024-12-25,99356.06,99888.75,95098.08,95680.19,38437.52,3704007593.19
1735084800,2024-12-24,98606.93,99484.75,97568.85,99356.06,21801.56,2147049998.69
1734998400,2024-12-23,94771.64,99439.54,93437.9,98606.93,40945.61,3967574825.79
1734912000,2024-12-22,95098.66,96428.13,92378.53,94771.64,57639.3,5422281368.55
1734825600,2024-12-21,97223.39,97387.01,94186.04,95098.66,29661.75,2842280143.72
1734739200,2024-12-20,97769.49,99529.45,96379.46,97223.39,29797.52,2907358271.75
1734652800,2024-12-19,97381.1,98131.87,92144.03,97769.49,84967.2,8141536426.69
1734566400,2024-12-18,100147.26,102767.84,95555.55,97381.1,80969.49,8011759334.63
1734480000,2024-12-17,106140.14,106502.15,99946.11,100147.26,75094.41,7727995790.43
1734393600,2024-12-16,106089.2,108369.13,105308.99,106140.14,40879.26,4365460605.55
1734307200,2024-12-15,104424.54,107829.08,103299.75,106089.2,60439.19,6398449052.08
1734220800,2024-12-14,101402.95,105140.47,101228.16,104424.54,24799.66,2557994217.64
1734134400,2024-12-13,101429.78,102653.76,100606.28,101402.95,16577.72,1683710017.37
1734048000,2024-12-12,100041.98,101947.1,99232.64,101429.78,34639.86,3492131954.88
1733961600,2024-12-11,101203.07,102598.04,99311.56,100041.98,47200.64,4765401240.36
1733875200,2024-12-10,96657.88,101979.09,95730.76,101203.07,55047.48,5482015399.12
1733788800,2024-12-09,97338.34,98316.66,94284.0,96657.88,68661.05,6621616095.14
1733702400,2024-12-08,101189.81,101290.02,94567.01,97338.34,69981.57,6847958219.35
1733616000,2024-12-07,99926.38,101430.6,98730.22,101189.81,17851.82,1785051035.31
1733529600,2024-12-06,99897.97,100578.8,99025.63,99926.38,17306.94,1728102575.48
1733443200,2024-12-05,97053.82,102088.57,96427.0,99897.97,56899.66,5653979066.29
1733356800,2024-12-04,98751.87,104028.51,91741.97,97053.82,119875.78,12041439286.7
1733270400,2024-12-03,95928.37,99226.36,94663.42,98751.87,59092.55,5727735676.06
1733184000,2024-12-02,95859.75,96304.02,93590.91,95928.37,52781.2,5033493735.21
1733097600,2024-12-01,97276.47,98219.29,94419.96,95859.75,52454.21,5040855658.82
1733011200,2024-11-30,96473.51,97896.77,95752.22,97276.47,17120.23,1659820134.72
1732924800,2024-11-29,97510.92,97514.26,96137.13,96473.51,12565.01,1215861238.63
1732838400,2024-11-28,95670.41,98735.69,95391.39,97510.92,39884.8,3883366949.57
1732752000,2024-11-27,95957.51,96672.28,94677.17,95670.41,24214.5,2311939499.68
1732665600,2024-11-26,91903.89,97373.56,91757.22,95957.51,47765.92,4533983270.73
1732579200,2024-11-25,93019.38,95007.52,90730.54,91903.89,77087.79,7150066318.55
1732492800,2024-11-24,98018.2,98974.51,92592.66,93019.38,68259.16,6533804395.53
1732406400,2024-11-23,97765.04,98670.34,95781.2,98018.2,30269.68,2940396079.61
1732320000,2024-11-22,99010.89,99023.88,97219.23,97765.04,29017.14,2853544178.0
1732233600,2024-11-21,98436.25,99772.99,97207.77,99010.89,74286.51,7337283037.5
1732147200,2024-11-20,94379.92,99056.4,94152.97,98436.25,89243.49,8678686263.5
1732060800,2024-11-19,92418.48,95056.1,91612.46,94379.92,70180.2,6579886464.89
1731974400,2024-11-18,90514.83,94056.9,90414.27,92418.48,64909.54,5995386487.48
1731888000,2024-11-17,89877.16,92649.98,87547.97,90514.83,66007.84,6006522738.03
1731801600,2024-11-16,90630.94,91436.45,88728.28,89877.16,30966.65,2791320512.2
1731715200,2024-11-15,91058.92,91810.87,90092.82,90630.94,27488.76,2501576427.85
1731628800,2024-11-14,87334.19,91897.76,87118.43,91058.92,71049.87,6353615968.72
1731542400,2024-11-13,90498.51,91817.29,86679.1,87334.19,81846.21,7309565757.27
1731456000,2024-11-12,88040.54,93479.86,86252.86,90498.51,124766.84,11250681620.25
1731369600,2024-11-11,88758.31,90006.57,85125.04,88040.54,117605.91,10326697667.45
1731283200,2024-11-10,80429.43,89644.7,80283.65,88758.31,104407.32,8845679630.06
1731196800,2024-11-09,76716.41,81520.53,76545.66,80429.43,57715.18,4582398468.87
1731110400,2024-11-08,76562.31,76949.29,75763.57,76716.41,15808.47,1208160963.89
1731024000,2024-11-07,75922.41,77289.29,75656.7,76562.31,48629.32,3714364388.44
1730937600,2024-11-06,75643.57,76963.92,74472.09,75922.41,58490.52,4433063855.56
1730851200,2024-11-05,69378.09,76482.2,69295.92,75643.57,116207.84,8601347745.99
1730764800,2024-11-04,67811.95,70540.03,67432.99,69378.09,47211.37,3274519976.93
1730678400,2024-11-03,68747.04,69453.56,66793.64,67811.95,43141.35,2939056973.62
1730592000,2024-11-02,69354.01,69364.8,67457.91,68747.04,29674.18,2028670648.54
1730505600,2024-11-01,69473.41,69884.38,69006.88,69354.01,10811.2,750733288.76
1730419200,2024-10-31,70207.54,71616.01,68755.75,69473.41,49030.12,3429441961.46
1730332800,2024-10-30,72331.96,72675.24,69585.02,70207.54,39358.14,2794856636.84
1730246400,2024-10-29,72723.67,72945.06,71408.4,72331.96,38392.15,2769522546.26
1730160000,2024-10-28,69925.83,73612.24,69725.05,72723.67,58289.36,4194343293.57
1730073600,2024-10-27,67945.14,70241.74,67541.0,69925.83,42091.94,2902994091.1
1729987200,2024-10-26,67014.72,68254.55,66852.5,67945.14,12105.31,818581011.16
1729900800,2024-10-25,66577.77,67366.46,66343.25,67014.72,14159.11,946447393.67
1729814400,2024-10-24,68163.56,68745.57,65510.53,66577.77,43824.41,2952724943.71
1729728000,2024-10-23,66612.97,68812.4,66456.7,68163.56,31715.51,2144280257.66
1729641600,2024-10-22,67390.32,67436.29,65171.54,66612.97,32488.79,2154644447.87
1729555200,2024-10-21,67358.14,67800.62,66540.7,67390.32,32484.74,2184452853.61
1729468800,2024-10-20,69020.94,69501.44,66811.42,67358.14,36536.85,2480399716.7
1729382400,2024-10-19,68370.04,69385.31,68094.66,69020.94,11999.25,824334290.12
1729296000,2024-10-18,68425.63,68681.33,68009.42,68370.04,7712.36,526753638.72
1729209600,2024-10-17,67408.87,69016.74,67167.07,68425.63,36869.58,2516405877.34
1729123200,2024-10-16,67614.71,67931.28,66643.91,67408.87,32062.99,2154293295.5
1729036800,2024-10-15,67064.69,68401.67,66752.45,67614.71,42024.2,2841013476.69
1728950400,2024-10-14,66068.25,67938.85,64791.36,67064.69,51909.81,3442311150.59
1728864000,2024-10-13,62854.48,66494.04,62438.82,66068.25,50393.51,3279898050.67
1728777600,2024-10-12,63197.03,63276.36,62036.49,62854.48,16786.01,1051974824.5
1728691200,2024-10-11,62517.42,63469.71,62473.78,63197.03,15673.6,987509499.19
1728604800,2024-10-10,60280.38,63418.56,60039.18,62517.42,36112.65,2236421715.94
1728518400,2024-10-09,60585.22,61251.26,58869.24,60280.38,42405.42,2553922274.06
1728432000,2024-10-08,62129.17,62513.84,60252.65,60585.22,37528.72,2311387233.46
1728345600,2024-10-07,62209.84,63185.68,61832.71,62129.17,33506.88,2090901005.09
1728259200,2024-10-06,62821.76,64458.38,62129.23,62209.84,41062.64,2602786910.05
1728172800,2024-10-05,62059.19,62976.08,61815.61,62821.76,13418.93,838451338.95
1728086400,2024-10-04,62094.06,62377.77,61689.84,62059.19,10082.43,625465514.89
1728000000,2024-10-03,60746.35,62480.52,60458.33,62094.06,38904.7,2395319327.7
1727913600,2024-10-02,60641.8,61478.71,59846.16,60746.35,50457.09,3058499959.35
1727827200,2024-10-01,60790.06,62383.28,59976.82,60641.8,55652.18,3402156876.74
1727740800,2024-09-30,63314.81,64112.99,60156.13,60790.06,67326.52,4189744833.01
1727654400,2024-09-29,65611.98,65627.43,62846.03,63314.81,42396.01,2712227231.34
1727568000,2024-09-28,65868.67,66081.97,65440.3,65611.98,11532.92,758322138.61
1727481600,2024-09-27,65790.28,66267.41,65442.19,65868.67,10383.49,682765288.62
1727395200,2024-09-26,65183.68,66547.69,64839.11,65790.28,36162.6,2378877920.32
1727308800,2024-09-25,63144.83,65861.15,62660.36,65183.68,43302.56,2800234985.9
1727222400,2024-09-24,64276.65,64823.35,62938.97,63144.83,23967.21,1526541478.78
1727136000,2024-09-23,63341.97,64698.02,62710.48,64276.65,32160.64,2045185242.06
1727049600,2024-09-22,63587.45,64749.32,62584.5,63341.97,27280.27,1734107185.41
1726963200,2024-09-21,63363.17,64015.58,62394.47,63587.45,18884.06,1190921326.46
1726876800,2024-09-20,63211.47,63548.08,62767.25,63363.17,12142.67,766364347.61
1726790400,2024-09-19,62963.41,64131.22,62345.57,63211.47,34617.55,2188110863.96
1726704000,2024-09-18,61775.68,63881.87,61582.28,62963.41,46829.96,2939807292.07
1726617600,2024-09-17,60321.59,61794.54,59185.2,61775.68,48151.29,2902628124.61
1726531200,2024-09-16,58210.01,61356.68,57624.63,60321.59,40712.51,2440680770.1
1726444800,2024-09-15,59139.21,59215.73,57486.82,58210.01,33106.34,1927790314.93
1726358400,2024-09-14,60013.26,60409.32,58697.69,59139.21,19176.34,1146142289.52
1726272000,2024-09-13,60548.12,60653.12,59433.38,60013.26,15042.25,903199598.39
1726185600,2024-09-12,58140.61,60666.01,57637.58,60548.12,40546.37,2401277043.91
1726099200,2024-09-11,57354.27,58573.29,57330.99,58140.61,40914.83,2373500502.95
1726012800,2024-09-10,57642.43,58002.86,55554.25,57354.27,55576.26,3160608627.55
1725926400,2024-09-09,57056.31,58050.66,56397.36,57642.43,33391.45,1908344975.36
1725840000,2024-09-08,54879.33,58005.33,54591.28,57056.31,42637.41,2385673385.77
1725753600,2024-09-07,54167.82,55321.44,53631.93,54879.33,19159.79,1042880564.27
1725667200,2024-09-06,53954.33,54852.05,53742.58,54167.82,17050.67,925092003.79
1725580800,2024-09-05,56167.4,57004.28,52552.05,53954.33,69521.39,3807917186.59
1725494400,2024-09-04,57975.52,58329.93,55651.61,56167.4,38784.5,2198240196.62
1725408000,2024-09-03,57481.84,58532.47,55625.58,57975.52,43027.18,2458579314.87
1725321600,2024-09-02,59147.8,59825.44,57411.84,57481.84,26568.4,1548986994.4
1725235200,2024-09-01,57313.44,59431.04,57135.27,59147.8,23766.29,1383666270.94
1725148800,2024-08-31,58989.17,59085.64,57217.94,57313.44,22352.53,1298154355.3
1725062400,2024-08-30,59129.05,59456.66,58759.04,58989.17,8035.77,474924657.65
1724976000,2024-08-29,59369.85,59926.33,57725.72,59129.05,35023.22,2063630420.49
1724889600,2024-08-28,59043.5,61191.57,58735.81,59369.85,34345.83,2058113286.38
1724803200,2024-08-27,59441.73,60232.58,57868.47,59043.5,38043.04,2251640371.44
1724716800,2024-08-26,62850.27,63220.85,58045.32,59441.73,39241.27,2403744129.11
1724630400,2024-08-25,64264.62,64504.12,62816.08,62850.27,27037.83,1719932426.98
1724544000,2024-08-24,64180.77,65058.66,63828.67,64264.62,12753.39,819671993.67
1724457600,2024-08-23,64087.8,64523.11,63591.53,64180.77,15286.56,979836005.58
1724371200,2024-08-22,60387.29,64982.66,60351.28,64087.8,42020.68,2623908332.37
1724284800,2024-08-21,61170.8,61426.96,59756.43,60387.29,28924.51,1754742660.96
1724198400,2024-08-20,59027.55,61851.26,58806.66,61170.8,38408.34,2311932103.1
1724112000,2024-08-19,59464.41,61442.89,58588.82,59027.55,31292.98,1877438049.21
1724025600,2024-08-18,58439.22,59632.55,57828.14,59464.41,24222.4,1420739617.67
1723939200,2024-08-17,59497.94,60280.79,58433.69,58439.22,13915.75,830090221.14
1723852800,2024-08-16,58893.67,59708.69,58815.46,59497.94,9691.68,574723583.6
1723766400,2024-08-15,57552.92,59851.62,57106.84,58893.67,29186.89,1708248208.47
1723680000,2024-08-14,58698.05,59869.57,56132.98,57552.92,34692.53,2023439063.25
1723593600,2024-08-13,60609.73,61788.76,58461.76,58698.05,30973.89,1858459018.71
1723507200,2024-08-12,59360.89,61603.92,58440.76,60609.73,28787.92,1727785105.35
1723420800,2024-08-11,58725.0,60708.39,57677.54,59360.89,33285.38,1967504137.76
1723334400,2024-08-10,60940.82,61842.63,58331.17,58725.0,18214.18,1093722861.0
1723248000,2024-08-09,60868.88,61478.08,60270.33,60940.82,11935.68,725371248.47
1723161600,2024-08-08,61708.53,61752.64,59573.13,60868.88,32998.38,2000603963.46
1723075200,2024-08-07,55130.45,62717.23,54751.57,61708.53,48215.66,2834182014.44
1722988800,2024-08-06,56057.67,57753.96,54580.16,55130.45,39691.91,2232435439.52
1722902400,2024-08-05,54031.82,57077.92,53987.77,56057.67,44255.76,2473716223.17
1722816000,2024-08-04,58135.89,58275.19,49202.81,54031.82,117153.32,6220425122.88
1722729600,2024-08-03,60679.28,61075.03,57174.97,58135.89,28092.97,1665780997.48
1722643200,2024-08-02,61422.3,62154.66,59838.49,60679.28,26176.07,1596127875.28
1722556800,2024-08-01,65300.21,65548.28,61165.12,61422.3,40943.43,2601345982.92
1722470400,2024-07-31,64617.83,65590.04,62238.44,65300.21,37045.09,2364449721.14
1722384000,2024-07-30,66180.04,66826.66,64508.96,64617.83,24304.84,1601329476.94
1722297600,2024-07-29,66782.78,66989.18,65293.95,66180.04,24376.6,1614525200.12
1722211200,2024-07-28,68252.75,70027.05,66436.99,66782.78,33524.03,2292001706.95
1722124800,2024-07-27,67904.55,68306.74,67054.94,68252.75,11980.7,812380984.29
1722038400,2024-07-26,67925.17,69416.52,66675.48,67904.55,26420.73,1801405015.15
1721952000,2024-07-25,65794.0,68219.43,65734.24,67925.17,24567.97,1654021251.63
1721865600,2024-07-24,65375.53,66154.31,63429.11,65794.0,29473.48,1902596712.12
1721779200,2024-07-23,65939.83,67120.99,65112.45,65375.53,21576.01,1426727978.64
1721692800,2024-07-22,67567.71,67774.86,65465.88,65939.83,29465.67,1958486045.34
1721606400,2024-07-21,68176.98,68490.59,66594.51,67567.71,26712.99,1805561349.3
1721520000,2024-07-20,67163.86,68370.58,65840.58,68176.98,18123.31,1219084237.52
1721433600,2024-07-19,66708.49,67626.82,66291.51,67163.86,12566.25,840850489.36
1721347200,2024-07-18,63981.43,67468.45,63305.25,66708.49,33756.81,2214983951.52
1721260800,2024-07-17,64096.64,65118.55,63235.08,63981.43,21904.27,1405605268.54
1721174400,2024-07-16,65087.61,66131.67,63872.53,64096.64,28170.64,1830962929.69
1721088000,2024-07-15,64765.55,65399.48,62434.72,65087.61,38850.8,2492930912.34
1721001600,2024-07-14,60818.77,64936.75,60688.12,64765.55,43679.34,2752990856.54
1720915200,2024-07-13,59231.06,61424.95,59222.6,60818.77,20080.87,1207899406.9
1720828800,2024-07-12,57913.68,59866.89,57784.15,59231.06,13963.3,819172857.7
1720742400,2024-07-11,57348.75,58543.78,56554.34,57913.68,27242.71,1567843358.24
1720656000,2024-07-10,57725.78,59494.11,57072.63,57348.75,29764.17,1729366992.27
1720569600,2024-07-09,58047.2,59463.57,57165.19,57725.78,28064.27,1631984559.89
1720483200,2024-07-08,56709.76,58289.53,56296.1,58047.2,29452.6,1692558128.7
1720396800,2024-07-07,55866.6,58166.93,54305.08,56709.76,43439.51,2441024283.07
1720310400,2024-07-06,58255.65,58452.39,55734.13,55866.6,18402.28,1053256457.42
1720224000,2024-07-05,56646.24,58495.08,56035.03,58255.65,18766.95,1072779742.28
1720137600,2024-07-04,57041.11,57494.97,53528.09,56646.24,57490.15,3198812323.21
1720051200,2024-07-03,60157.2,60428.43,56728.63,57041.11,40351.82,2342236881.51
1719964800,2024-07-02,62044.48,62198.73,59373.07,60157.2,27365.92,1653064013.62
1719878400,2024-07-01,62841.27,63219.74,61453.08,62044.48,20510.77,1278702453.96
1719792000,2024-06-30,62685.88,63800.98,62462.2,62841.27,25708.72,1623104957.15
1719705600,2024-06-29,60905.3,62949.76,60637.5,62685.88,12626.61,778765578.43
1719619200,2024-06-28,60324.3,61129.31,60294.22,60905.3,9214.26,560710968.57
1719532800,2024-06-27,61630.1,62168.03,59907.92,60324.3,24288.31,1481619028.88
1719446400,2024-06-26,60824.43,62341.3,60562.27,61630.1,22562.67,1385461549.94
1719360000,2024-06-25,61796.56,62471.55,60684.69,60824.43,23423.63,1436803387.64
1719273600,2024-06-24,60270.95,62385.37,60232.04,61796.56,31697.13,1946492862.08
1719187200,2024-06-23,63181.02,63335.53,58443.98,60270.95,48177.24,2938115761.51
1719100800,2024-06-22,64250.18,64504.84,63154.88,63181.02,6504.7,416250575.81
1719014400,2024-06-21,64119.34,64500.0,63924.68,64250.18,5570.5,358155105.44
1718928000,2024-06-20,64847.89,65018.39,63350.87,64119.34,22310.94,1427909531.59
1718841600,2024-06-19,64950.82,66462.52,64527.9,64847.89,22559.77,1473091625.51
1718755200,2024-06-18,65158.02,65708.56,64656.84,64950.82,13478.88,878187235.08
1718668800,2024-06-17,66481.73,66570.67,64033.69,65158.02,35263.17,2293594296.72
1718582400,2024-06-16,66631.59,67264.71,65062.53,66481.73,28974.78,1917243316.16
1718496000,2024-06-15,66188.81,66916.83,66012.05,66631.59,6512.06,433017008.55
1718409600,2024-06-14,66006.13,66419.48,65832.26,66188.81,6139.62,406250537.71
1718323200,2024-06-13,66742.54,67317.79,65026.62,66006.13,24684.72,1633598669.38
1718236800,2024-06-12,68247.0,68428.43,66224.61,66742.54,23051.5,1550737143.4
1718150400,2024-06-11,67319.41,70021.47,66896.79,68247.0,31159.85,2139401386.85
1718064000,2024-06-10,69505.57,69550.65,66054.78,67319.41,31800.9,2141818771.53
1717977600,2024-06-09,69639.42,70172.0,69166.61,69505.57,12116.49,843477987.58
1717891200,2024-06-08,69303.58,69837.26,69131.01,69639.42,5137.66,357128157.69
1717804800,2024-06-07,69330.51,69547.91,69152.66,69303.58,5753.02,399100009.36
1717718400,2024-06-06,70772.35,71943.4,68439.15,69330.51,28318.21,1992355199.22
1717632000,2024-06-05,71117.68,71642.27,70113.83,70772.35,16078.4,1141567996.37
1717545600,2024-06-04,70548.51,71782.2,70371.34,71117.68,21737.62,1545204312.75
1717459200,2024-06-03,68799.6,71090.99,68553.54,70548.51,29746.55,2084571763.56
1717372800,2024-06-02,67738.74,70283.97,67584.62,68799.6,22783.46,1575608100.17
1717286400,2024-06-01,67721.6,68409.58,67279.96,67738.74,6731.43,456585602.02
1717200000,2024-05-31,67482.25,67831.31,67383.55,67721.6,4400.74,297719480.73
1717113600,2024-05-30,68346.19,69012.82,66605.09,67482.25,19922.04,1349659294.8
1717027200,2024-05-29,67576.81,69520.94,67107.22,68346.19,20828.64,1424914242.82
1716940800,2024-05-28,68330.84,68858.38,67099.33,67576.81,16353.37,1108570253.28
1716854400,2024-05-27,69386.83,69533.54,67206.37,68330.84,22223.83,1514489243.92
1716768000,2024-05-26,68488.29,70613.89,68227.32,69386.83,13110.64,909946343.46
1716681600,2024-05-25,69288.95,69511.53,68156.05,68488.29,5502.87,379159635.92
1716595200,2024-05-24,68548.33,69599.81,68498.87,69288.95,5972.0,412212332.66
1716508800,2024-05-23,67946.35,69264.17,66613.35,68548.33,18239.62,1242012319.42
1716422400,2024-05-22,69123.56,70037.76,66370.0,67946.35,28168.79,1922285401.83
1716336000,2024-05-21,70141.17,70643.89,68952.24,69123.56,22981.44,1603267534.2
1716249600,2024-05-20,71430.23,71964.79,69158.99,70141.17,30747.6,2169803609.99
1716163200,2024-05-19,66268.25,71546.4,66071.74,71430.23,38260.49,2624709812.32
1716076800,2024-05-18,66927.56,67696.21,65878.18,66268.25,9725.64,650338446.5
1715990400,2024-05-17,67051.35,67397.7,66633.01,66927.56,8752.24,586174043.35
1715904000,2024-05-16,65250.53,67489.24,65120.39,67051.35,23340.48,1552274385.82
1715817600,2024-05-15,66245.16,66760.54,64600.05,65250.53,24275.96,1596664354.59
1715731200,2024-05-14,61548.48,66467.29,61325.48,66245.16,40708.36,2625073579.59
1715644800,2024-05-13,62932.29,63097.07,61094.77,61548.48,26392.04,1636519845.72
1715558400,2024-05-12,61459.22,63445.72,60758.38,62932.29,21250.01,1327733464.12
1778716800,2026-05-13,79290.82,79961.98,78893.68,79802.55,4474.74,355571692.95
1778630400,2026-05-12,80485.29,81287.55,78713.93,79290.82,21407.23,1707800762.25
1778544000,2026-05-11,81728.64,81774.86,79820.43,80485.29,17029.26,1374599829.51
1778457600,2026-05-10,82193.54,82358.57,80426.69,81728.64,21045.07,1713238059.16
1778371200,2026-05-09,80661.0,82452.65,80279.35,82193.54,12159.81,987806994.41
1778284800,2026-05-08,80191.99,81060.04,80125.91,80661.0,6354.17,511494973.25
1778198400,2026-05-07,80005.6,80502.97,79182.56,80191.99,14782.97,1181913576.46
1778112000,2026-05-06,81434.43,81705.84,79477.87,80005.6,20565.48,1654367019.66
1778025600,2026-05-05,80906.66,82813.94,80719.84,81434.43,22839.65,1865768231.59
1777939200,2026-05-04,79847.88,81788.81,79795.71,80906.66,22954.51,1863253905.45
1777852800,2026-05-03,78556.51,80762.6,78204.21,79847.88,31025.75,2472425091.39
1777766400,2026-05-02,78676.88,79430.55,78074.45,78556.51,8442.71,664260719.95
1777680000,2026-05-01,78229.09,79117.38,78037.04,78676.88,6827.5,535605546.6
1777593600,2026-04-30,76318.61,78939.48,76288.68,78229.09,22884.66,1783510955.23
1777507200,2026-04-29,75758.34,76648.85,75296.13,76318.61,17991.25,1370345076.86
1777420800,2026-04-28,76330.13,77908.48,74934.73,75758.34,24194.59,1848267737.93
1777334400,2026-04-27,77373.54,77484.2,75653.48,76330.13,19003.75,1452117102.95
1777248000,2026-04-26,78673.71,79499.71,76458.35,77373.54,24036.42,1867056081.01
1777161600,2026-04-25,77645.78,78935.69,77350.61,78673.71,10570.01,825916167.07
1777075200,2026-04-24,77463.4,77907.49,77178.63,77645.78,6455.34,500514551.07
1776988800,2026-04-23,78283.64,78604.69,77293.78,77463.4,21181.8,1649940984.58
1776902400,2026-04-22,78209.43,78705.03,76986.12,78283.64,26275.53,2046838021.24
1776816000,2026-04-21,76349.35,79515.58,76149.0,78209.43,30196.53,2365765590.07
1776729600,2026-04-20,75864.88,76924.94,74828.26,76349.35,23009.24,1746476121.6
1776643200,2026-04-19,73824.27,76596.97,73747.69,75864.88,23467.24,1769210218.91
1776556800,2026-04-18,75732.23,76274.36,73795.54,73824.27,15661.21,1176631430.59
1776470400,2026-04-17,77102.12,77445.06,75476.58,75732.23,11067.1,844792731.06
1776384000,2026-04-16,75166.87,78372.28,74562.88,77102.12,35808.41,2753010618.88
1776297600,2026-04-15,74831.35,75535.99,73312.86,75166.87,21293.97,1588474680.96
1776211200,2026-04-14,74176.82,75450.74,73544.61,74831.35,22132.36,1645779221.08
1776124800,2026-04-13,74444.78,76121.51,73862.14,74176.82,42928.16,3211194613.9
1776038400,2026-04-12,70750.05,74923.25,70582.11,74444.78,38520.57,2787168328.38
1775952000,2026-04-11,73077.66,73165.73,70520.78,70750.05,13674.97,976072693.15
1775865600,2026-04-10,72990.26,73823.07,72567.95,73077.66,9513.07,695313988.08
1775779200,2026-04-09,71803.46,73473.25,71434.98,72990.26,26151.44,1898530601.35
1775692800,2026-04-08,71086.44,73148.53,70472.93,71803.46,29224.6,2095261926.07
1775606400,2026-04-07,71917.66,72857.69,70691.49,71086.44,28765.74,2059667780.52
1775520000,2026-04-06,68852.96,72753.63,67716.12,71917.66,31146.4,2160155962.23
1775433600,2026-04-05,69004.15,70367.01,68336.5,68852.96,26913.27,1870697978.1
1775347200,2026-04-04,67291.01,69112.22,66604.57,69004.15,10554.43,712749539.51
1775260800,2026-04-03,66953.31,67533.41,66775.08,67291.01,6444.27,432782453.72
1775174400,2026-04-02,66895.02,67366.42,66278.89,66953.31,12707.87,849007595.22
1775088000,2026-04-01,68108.11,68646.83,65700.61,66895.02,26281.88,1756579345.55
1775001600,2026-03-31,68233.98,69284.9,67544.7,68108.11,24234.59,1656756766.28
1774915200,2026-03-30,66744.36,68533.41,65932.38,68233.98,34649.11,2333599626.6
1774828800,2026-03-29,65967.75,68118.37,65754.18,66744.36,34021.82,2284385033.06
1774742400,2026-03-28,66327.41,67075.8,64960.31,65967.75,14862.65,985393652.08
1774656000,2026-03-27,66365.12,67248.52,65892.41,66327.41,12045.71,801747050.55
1774569600,2026-03-26,68781.63,69134.01,65507.78,66365.12,34935.43,2331409861.49
1774483200,2026-03-25,71305.31,71409.93,68112.31,68781.63,28504.28,1977691874.86
1774396800,2026-03-24,70532.1,72021.21,70378.93,71305.31,21670.32,1542312170.57
1774310400,2026-03-23,70882.02,71384.93,68897.47,70532.1,27209.19,1908823520.28
1774224000,2026-03-22,67853.59,71809.18,67435.52,70882.02,34476.12,2411208073.25
1774137600,2026-03-21,68909.77,69575.11,67346.39,67853.59,19080.94,1307961491.93
1774051200,2026-03-20,70504.27,71082.27,68569.14,68909.77,10135.48,712826361.45
1773964800,2026-03-19,69918.84,71362.83,69382.16,70504.27,28202.11,1979988250.54
1773878400,2026-03-18,71248.69,71617.06,68778.11,69918.84,31432.32,2199132834.75
1773792000,2026-03-17,73936.64,74703.58,70493.02,71248.69,29963.04,2164801322.0
1773705600,2026-03-16,74884.52,76011.83,73419.9,73936.64,37904.84,2819675253.63
1773619200,2026-03-15,72828.77,74911.2,72291.22,74884.52,35432.38,2613830614.25
1773532800,2026-03-14,71223.72,73214.29,70872.84,72828.77,16622.47,1194265898.73
1773446400,2026-03-13,70941.65,71312.93,70324.71,71223.72,9824.66,695397584.7
1773360000,2026-03-12,70527.68,73942.2,70402.18,70941.65,39598.04,2849291467.57
1773273600,2026-03-11,70205.19,70804.8,69210.99,70527.68,33129.51,2322381597.45
1773187200,2026-03-10,69961.25,71346.32,68986.08,70205.19,34413.1,2418277293.19
1773100800,2026-03-09,68438.57,71784.73,68390.84,69961.25,41624.34,2928859556.81
1773014400,2026-03-08,65974.07,69537.79,65835.73,68438.57,39703.44,2709476164.15
1772928000,2026-03-07,67261.55,68191.22,65631.31,65974.07,20832.2,1393620547.64
1772841600,2026-03-06,68110.63,68536.12,66935.38,67261.55,11943.05,809381009.5
1772755200,2026-03-05,70883.43,71415.18,67734.1,68110.63,37984.6,2634646708.86
1772668800,2026-03-04,72685.14,73580.61,70649.03,70883.43,39182.16,2818687736.82
1772582400,2026-03-03,68338.0,74083.89,67407.2,72685.14,58364.24,4177397786.89
1772496000,2026-03-02,68831.94,69257.29,66148.66,68338.0,47295.99,3209229703.13
1772409600,2026-03-01,65774.35,70116.05,65261.45,68831.94,52714.29,3577629869.35
1772323200,2026-02-28,66985.3,68190.48,65043.22,65774.35,31940.58,2126537310.68
1772236800,2026-02-27,65870.53,67756.22,63030.34,66985.3,39423.24,2566186201.06
1772150400,2026-02-26,67498.16,68227.68,64948.18,65870.53,41323.2,2743694516.97
1772064000,2026-02-25,67998.99,68867.59,66508.93,67498.16,44886.39,3038274772.26
1771977600,2026-02-24,64069.84,70005.48,63922.45,67998.99,55809.16,3753044530.52
1771891200,2026-02-23,64642.48,64996.35,62551.85,64069.84,45607.54,2906212702.97
1771804800,2026-02-22,67626.88,67663.82,63879.72,64642.48,42373.83,2766008869.19
1771718400,2026-02-21,67965.05,68233.91,67170.64,67626.88,11615.92,786667936.82
1771632000,2026-02-20,67997.02,68686.92,67528.59,67965.05,11686.08,796953223.51
1771545600,2026-02-19,66983.75,68297.95,66442.67,67997.02,38044.13,2565992687.01
1771459200,2026-02-18,66434.2,67299.79,65618.44,66983.75,29384.21,1956480958.57
1771372800,2026-02-17,67477.52,68444.93,65838.1,66434.2,32280.23,2164847401.62
1771286400,2026-02-16,68869.47,69214.45,66592.03,67477.52,31820.5,2156085885.94
1771200000,2026-02-15,68800.76,70094.71,67269.9,68869.47,24726.24,1692393594.43
1771113600,2026-02-14,69790.74,70948.5,68048.86,68800.76,22109.67,1533047880.15
1771027200,2026-02-13,68816.44,70524.71,68706.51,69790.74,18574.98,1293190971.53
1770940800,2026-02-12,66220.82,69434.68,65825.83,68816.44,37610.93,2551829375.2
1770854400,2026-02-11,67039.77,68380.57,65084.07,66220.82,42922.43,2860084574.0
1770768000,2026-02-10,68807.07,69253.29,65725.74,67039.77,47410.63,3185414005.15
1770681600,2026-02-09,70108.93,70486.44,67878.02,68807.07,35555.88,2457073817.72
1770595200,2026-02-08,70297.07,71391.44,68260.19,70108.93,43610.47,3050117447.16
1770508800,2026-02-07,69259.24,72226.42,68857.91,70297.07,24372.4,1719521388.77
1770422400,2026-02-06,70535.76,71647.04,67315.5,69259.24,35663.46,2471348000.05
1770336000,2026-02-05,62811.67,71703.46,60069.72,70535.76,105746.35,7081161121.78
1770249600,2026-02-04,73021.96,73193.96,62227.01,62811.67,128064.14,8672008182.17
1770163200,2026-02-03,75679.06,76891.77,71724.93,73021.96,65420.8,4852815767.03
1770076800,2026-02-02,78690.46,79141.27,72882.55,75679.06,62810.31,4798731139.8
1769990400,2026-02-01,76910.99,79328.7,74579.63,78690.46,63702.51,4931866234.02
1769904000,2026-01-31,78664.02,79363.96,75653.86,76910.99,47181.0,3668393771.09
1769817600,2026-01-30,84135.11,84152.35,76029.54,78664.02,52359.6,4182557013.42
1769731200,2026-01-29,84528.58,84612.31,81047.62,84135.11,53884.23,4468762184.41
1769644800,2026-01-28,89182.72,89229.19,83243.73,84528.58,45122.46,3865349822.0
1769558400,2026-01-27,89136.28,90481.33,88729.36,89182.72,27525.65,2461353226.9
1769472000,2026-01-26,88274.7,89447.82,87212.27,89136.28,24324.97,2147188638.9
1769385600,2026-01-25,86581.03,88787.86,86429.64,88274.7,28600.46,2509845961.76
1769299200,2026-01-24,89107.75,89203.31,86008.64,86581.03,19788.52,1730278902.02
1769212800,2026-01-23,89506.66,89821.98,89047.54,89107.75,5309.41,474658685.05
1769126400,2026-01-22,89484.18,91140.22,88466.06,89506.66,25137.21,2254080166.25
1769040000,2026-01-21,89380.69,90290.41,88441.13,89484.18,23966.16,2143899739.23
1768953600,2026-01-20,88329.83,90502.34,87190.29,89380.69,47306.93,4213648826.41
1768867200,2026-01-19,92569.44,92813.52,87793.26,88329.83,37990.43,3430827950.31
1768780800,2026-01-18,93642.09,93642.84,92102.43,92569.44,20554.89,1906749298.24
1768694400,2026-01-17,95117.69,95496.67,93583.3,93642.09,8546.82,810822826.11
1768608000,2026-01-16,95521.19,95607.52,95004.98,95117.69,5648.6,538364408.82
1768521600,2026-01-15,95583.86,95835.5,94246.25,95521.19,22063.25,2100277132.85
1768435200,2026-01-14,96945.09,97178.67,95102.98,95583.86,33226.15,3196525932.98
1768348800,2026-01-13,95374.03,97943.22,94530.69,96945.09,50778.17,4896225428.34
1768262400,2026-01-12,91199.65,96126.37,90944.45,95374.03,46070.59,4301006824.49
1768176000,2026-01-11,90885.04,92416.57,90020.58,91199.65,31732.96,2898331129.52
1768089600,2026-01-10,90391.76,91164.56,90122.7,90885.04,7635.61,692346756.17
1768003200,2026-01-09,90524.71,90713.65,90279.2,90391.76,4793.55,433879311.46
1767916800,2026-01-08,91032.92,91948.91,89596.59,90524.71,29088.95,2639588033.82
1767830400,2026-01-07,91287.12,91578.27,89212.31,91032.92,29489.79,2669597853.95
1767744000,2026-01-06,93720.48,93720.65,90363.64,91287.12,26753.28,2453135155.95
1767657600,2026-01-05,93871.45,94428.7,91210.45,93720.48,29297.33,2727558377.19
1767571200,2026-01-04,91499.58,94804.38,91483.13,93871.45,32652.53,3048567458.71
1767484800,2026-01-03,90598.87,91750.6,90598.62,91499.58,10582.97,965791644.63
1767398400,2026-01-02,89959.25,90692.56,89288.1,90598.87,8300.07,747315427.58
1767312000,2026-01-01,88742.68,90940.54,88289.33,89959.25,32178.91,2884180579.57
1767225600,2025-12-31,87519.13,88806.59,87400.21,88742.68,9510.96,835819448.91
1767139200,2025-12-30,88410.54,89105.68,87109.45,87519.13,18255.84,1607399099.44
1767052800,2025-12-29,87133.26,89341.34,86732.68,88410.54,22736.07,2002631036.31
1766966400,2025-12-28,87886.81,90327.16,86704.68,87133.26,30609.16,2698231723.66
1766880000,2025-12-27,87823.31,88018.43,87381.32,87886.81,5733.05,502876455.57
1766793600,2025-12-26,87315.1,87925.14,87154.06,87823.31,4960.63,433943569.04
1766707200,2025-12-25,87183.32,89503.42,86589.77,87315.1,24423.76,2146285656.23
1766620800,2025-12-24,87620.12,88545.97,86913.66,87183.32,8950.93,785512556.31
1766534400,2025-12-23,87440.81,88003.03,86365.36,87620.12,16558.92,1443982911.33
1766448000,2025-12-22,88566.92,88897.58,86559.41,87440.81,23920.9,2097762546.31
1766361600,2025-12-21,88647.8,90551.12,87881.68,88566.92,29006.12,2587981701.25
1766275200,2025-12-20,88340.83,89047.71,87586.96,88647.8,9049.14,798755210.48
1766188800,2025-12-19,88107.2,88542.21,87793.71,88340.83,5509.23,485865198.65
1766102400,2025-12-18,85478.7,89360.77,85085.96,88107.2,30053.32,2631213615.27
1766016000,2025-12-17,86223.21,89450.72,84424.2,85478.7,37000.62,3212930907.73
1765929600,2025-12-16,87851.74,90343.35,85280.69,86223.21,36654.93,3196552925.86
1765843200,2025-12-15,86421.58,88144.98,85264.64,87851.74,29881.81,2601098656.79
1765756800,2025-12-14,88169.62,90044.99,85149.06,86421.58,32063.56,2801710553.18
1765670400,2025-12-13,90262.18,90495.22,87605.5,88169.62,13925.51,1240055595.3
1765584000,2025-12-12,90277.47,90655.09,89789.11,90262.18,4873.94,439868316.39
1765497600,2025-12-11,92546.9,92774.35,89499.86,90277.47,23943.19,2181249699.44
1765411200,2025-12-10,92038.34,93581.1,89281.34,92546.9,34699.18,3150988931.6
1765324800,2025-12-09,92701.41,94506.56,91582.52,92038.34,31975.44,2959837905.11
1765238400,2025-12-08,90661.73,94617.1,89530.61,92701.41,33300.59,3069266494.39
1765152000,2025-12-07,90413.99,92303.63,89623.92,90661.73,29264.71,2657534555.78
1765065600,2025-12-06,89262.3,91783.95,87756.05,90413.99,19003.3,1705564638.74
1764979200,2025-12-05,89352.03,90291.46,88942.96,89262.3,10824.34,969656691.35
1764892800,2025-12-04,92106.94,92717.53,88116.59,89352.03,32962.38,2976454083.09
1764806400,2025-12-03,93464.62,94089.06,90913.17,92106.94,28655.33,2655580450.16
1764720000,2025-12-02,91315.07,94192.91,91041.2,93464.62,41538.16,3856959977.71
1764633600,2025-12-01,86302.37,92332.31,86199.69,91315.07,45736.14,4090746747.17
1764547200,2025-11-30,90381.34,90443.38,83828.42,86302.37,56213.9,4839357127.84
1764460800,2025-11-29,90842.76,91983.85,90363.83,90381.34,11291.12,1030115399.98
1764374400,2025-11-28,90917.53,91201.7,90211.19,90842.76,9605.76,871610718.83
1764288000,2025-11-27,91327.26,93116.85,90242.43,90917.53,28364.69,2595318230.11
1764201600,2025-11-26,90487.28,91934.77,90083.46,91327.26,21381.51,1949917850.01
1764115200,2025-11-25,87340.82,90634.17,86298.47,90487.28,30484.49,2694221350.78
1764028800,2025-11-24,88288.33,88494.81,86089.7,87340.82,32065.82,2799155557.35
1763942400,2025-11-23,86823.45,89227.26,85242.01,88288.33,44709.41,3899541725.92
1763856000,2025-11-22,84696.98,88106.69,84639.73,86823.45,27848.78,2411303412.83
1763769600,2025-11-21,85087.62,85562.12,83462.76,84696.98,23440.3,1978095092.65
1763683200,2025-11-20,86553.58,87404.99,80562.05,85087.62,89136.71,7497064318.5
1763596800,2025-11-19,91483.02,93082.73,86019.03,86553.58,56931.35,5067984092.5
1763510400,2025-11-18,92946.24,92963.84,88529.93,91483.02,48242.24,4367651167.54
1763424000,2025-11-17,92141.25,93785.83,89289.38,92946.24,50671.19,4643651409.0
1763337600,2025-11-16,94244.44,95973.02,91244.75,92141.25,48309.81,4519819656.92
1763251200,2025-11-15,95555.28,96574.81,93006.43,94244.44,26755.82,2531966320.57
1763164800,2025-11-14,94531.81,96761.57,94516.28,95555.28,18574.48,1779382556.84
1763078400,2025-11-13,99644.14,99836.81,94006.67,94531.81,64051.76,6169788916.03
1762992000,2025-11-12,101660.22,104048.87,97956.87,99644.14,44584.48,4485055113.5
1762905600,2025-11-11,103033.54,105327.79,100818.69,101660.22,23740.26,2442775374.2
1762819200,2025-11-10,105988.36,107489.75,102465.73,103033.54,22618.21,2363088563.61
1762732800,2025-11-09,104721.32,106648.26,104270.97,105988.36,23693.26,2506360068.91
1762646400,2025-11-08,102304.79,105466.47,101415.54,104721.32,17136.04,1768769402.16
1762560000,2025-11-07,103301.61,103353.75,101453.48,102304.79,13228.46,1353025871.14
1762473600,2025-11-06,101302.75,104039.73,99207.58,103301.61,38050.15,3859784919.88
1762387200,2025-11-05,103893.5,104201.89,100266.6,101302.75,32306.54,3300189453.88
1762300800,2025-11-04,101493.23,104543.57,98978.04,103893.5,35631.18,3649971434.76
1762214400,2025-11-03,106580.38,107289.91,98932.13,101493.23,57282.41,5883230356.44
1762128000,2025-11-02,110564.52,110748.58,105315.16,106580.38,34536.33,3707370586.13
1762041600,2025-11-01,110104.4,111199.6,109485.51,110564.52,11170.49,1233024892.84
1761955200,2025-10-31,109580.94,110513.95,109378.81,110104.4,6377.31,701873036.06
1761868800,2025-10-30,108326.41,111081.78,108295.99,109580.94,24417.33,2677616192.81
1761782400,2025-10-29,110064.53,111617.77,106319.98,108326.41,33363.2,3623082463.09
1761696000,2025-10-28,112930.68,113669.5,109339.16,110064.53,25061.43,2800964736.4
1761609600,2025-10-27,114115.08,116105.23,112249.3,112930.68,20610.35,2354798941.53
1761523200,2025-10-26,114559.89,116395.5,113855.65,114115.08,18980.68,2184835505.2
1761436800,2025-10-25,111671.84,115420.91,111281.45,114559.89,13255.98,1502383516.36
1761350400,2025-10-24,111046.29,111960.99,110709.35,111671.84,5949.66,663139261.5
1761264000,2025-10-23,110114.95,111967.35,109742.29,111046.29,19795.99,2193655220.33
1761177600,2025-10-22,107604.16,111341.37,107527.17,110114.95,22351.32,2450418378.51
1761091200,2025-10-21,108387.11,109181.59,106750.91,107604.16,34388.98,3715585780.1
1761004800,2025-10-20,110583.29,114069.11,107500.34,108387.11,40819.23,4507488183.36
1760918400,2025-10-19,108701.79,111743.25,107486.38,110583.29,27390.05,3024980668.92
1760832000,2025-10-18,107228.76,109508.08,106146.21,108701.79,18116.25,1956837354.37
1760745600,2025-10-17,106485.41,107544.75,106382.73,107228.76,11815.48,1263875181.71
1760659200,2025-10-16,108212.4,109278.91,103552.05,106485.41,48249.26,5124514044.62
1760572800,2025-10-15,110819.47,112027.41,107501.51,108212.4,44973.38,4931780713.35
1760486400,2025-10-14,113097.76,113679.91,110229.66,110819.47,30171.93,3370232022.3
1760400000,2025-10-13,115279.04,115514.54,109983.29,113097.76,39286.64,4415300609.88
1760313600,2025-10-12,115084.73,116064.34,113754.71,115279.04,30207.33,3475980079.05
1760227200,2025-10-11,110779.65,115849.48,109708.26,115084.73,36833.57,4154852090.6
1760140800,2025-10-10,112998.91,113462.03,109711.01,110779.65,38127.92,4260858251.85
1760054400,2025-10-09,121713.94,122586.57,105833.75,112998.91,63865.23,7411664103.33
1759968000,2025-10-08,123358.65,123818.95,119741.93,121713.94,26848.29,3266509707.34
1759881600,2025-10-07,121414.53,124254.95,121116.33,123358.65,25262.59,3098621661.77
1759795200,2025-10-06,124723.0,125225.23,120661.76,121414.53,29039.6,3568433457.82
1759708800,2025-10-05,123535.21,126287.29,123143.47,124723.0,27874.8,3478551798.53
1759622400,2025-10-04,122455.39,125748.81,122213.36,123535.21,21834.57,2703677561.24
1759536000,2025-10-03,122318.86,122898.15,121598.23,122455.39,9977.25,1218962839.87
1759449600,2025-10-02,120630.71,123996.37,119348.63,122318.86,35664.64,4338240508.78
1759363200,2025-10-01,118666.73,121107.24,118356.65,120630.71,27985.21,3348607182.92
1759276800,2025-09-30,114078.18,118722.74,114004.91,118666.73,28249.14,3288729604.9
1759190400,2025-09-29,114407.08,114866.53,112727.79,114078.18,22976.41,2612642606.56
1759104000,2025-09-28,112226.65,114496.59,111625.37,114407.08,19529.19,2209223703.69
1759017600,2025-09-27,109727.42,112406.99,109280.14,112226.65,11935.68,1316899924.45
1758931200,2025-09-26,109723.94,109822.37,109156.33,109727.42,7105.98,778286679.14
1758844800,2025-09-25,109061.11,110387.27,108695.14,109723.94,27943.91,3057709370.2
1758758400,2025-09-24,113360.69,113559.7,108664.26,109061.11,34940.33,3874673081.63
1758672000,2025-09-23,112043.66,114013.4,111118.7,113360.69,17597.56,1988342351.86
1758585600,2025-09-22,112747.85,113372.59,111518.32,112043.66,18488.69,2080069063.95
1758499200,2025-09-21,115299.83,115439.04,112027.44,112747.85,28253.02,3197786129.9
1758412800,2025-09-20,115756.07,115900.98,115262.9,115299.83,5422.99,626782372.11
1758326400,2025-09-19,115701.97,116202.27,115488.37,115756.07,5995.45,694697640.09
1758240000,2025-09-18,117126.46,117510.96,115150.85,115701.97,16753.48,1947524484.47
1758153600,2025-09-17,116488.17,117981.11,116134.78,117126.46,19195.15,2253362090.44
1758067200,2025-09-16,116838.31,117331.11,114742.84,116488.17,23702.53,2750924037.55
1757980800,2025-09-15,115401.06,117006.56,114765.74,116838.31,16305.16,1890323067.86
1757894400,2025-09-14,115351.87,116808.07,114427.7,115401.06,18559.61,2137738674.14
1757808000,2025-09-13,115971.92,116227.37,115203.8,115351.87,7290.45,843593558.49
1757721600,2025-09-12,116116.26,116361.05,115207.42,115971.92,7083.57,820638135.29
1757635200,2025-09-11,115537.84,116816.49,114785.3,116116.26,20842.83,2412089976.27
1757548800,2025-09-10,113988.2,115543.74,113457.52,115537.84,18345.68,2096575532.81
1757462400,2025-09-09,111549.14,114341.92,110940.58,113988.2,23523.08,2661952161.9
1757376000,2025-09-08,112089.06,113293.12,110777.59,111549.14,18844.58,2108163610.41
1757289600,2025-09-07,111143.24,112937.76,110628.16,112089.06,16345.84,1829788896.49
1757203200,2025-09-06,110230.16,111607.85,110215.7,111143.24,6492.41,720954382.33
1757116800,2025-09-05,110676.99,111320.3,110019.89,110230.16,6640.6,734143439.06
1757030400,2025-09-04,110732.33,113400.39,110217.27,110676.99,28328.28,3163045481.16
1756944000,2025-09-03,111751.51,112225.93,109345.22,110732.33,19577.2,2162838407.83
1756857600,2025-09-02,111245.94,112601.73,110556.54,111751.51,19087.45,2132239039.57
1756771200,2025-09-01,109256.28,111796.23,108420.77,111245.94,27112.92,2993969175.78
1756684800,2025-08-31,108273.72,109913.29,107271.39,109256.28,21783.85,2365084072.12
1756598400,2025-08-30,108833.53,109510.25,108095.95,108273.72,9099.54,990157824.59
1756512000,2025-08-29,108393.15,108937.23,107381.29,108833.53,9682.99,1049906247.96
1756425600,2025-08-28,112582.21,112646.73,107512.41,108393.15,29122.98,3185827654.7
1756339200,2025-08-27,111276.98,113487.65,110887.39,112582.21,16865.13,1898278605.83
1756252800,2025-08-26,111805.93,112669.11,110381.63,111276.98,21850.84,2440706983.66
1756166400,2025-08-25,110150.15,112407.53,108701.29,111805.93,27215.82,2999152225.36
1756080000,2025-08-24,113486.67,113648.57,109292.22,110150.15,33305.33,3708998747.39
1755993600,2025-08-23,115391.76,115626.28,110860.71,113486.67,17025.82,1932434686.25
1755907200,2025-08-22,116909.79,117003.31,114533.54,115391.76,8271.23,955311763.7
1755820800,2025-08-21,112491.84,117428.1,111675.14,116909.79,28375.72,3261042644.22
1755734400,2025-08-20,114291.37,114816.84,111993.84,112491.84,19947.31,2256735254.8
1755648000,2025-08-19,112870.67,114642.26,112387.14,114291.37,22978.24,2610717313.9
1755561600,2025-08-18,116292.15,116789.95,112738.04,112870.67,26286.85,3006851749.91
1755475200,2025-08-17,117488.0,117627.66,114716.49,116292.15,22732.79,2634618667.75
1755388800,2025-08-16,117469.52,118639.81,117268.69,117488.0,6706.31,791200441.51
1755302400,2025-08-15,117440.09,118000.57,117242.73,117469.52,6405.98,753827490.14
1755216000,2025-08-14,118391.59,119335.93,116865.92,117440.09,19724.55,2327158152.31
1755129600,2025-08-13,123374.56,124532.7,117241.12,118391.59,35491.88,4249355541.57
1755043200,2025-08-12,120128.24,123735.38,118948.18,123374.56,27352.96,3321096939.91
1754956800,2025-08-11,118714.58,120325.99,118214.28,120128.24,18213.63,2172908089.75
1754870400,2025-08-10,119311.7,122309.71,118106.91,118714.58,25659.91,3086540255.03
1754784000,2025-08-09,116501.28,119320.76,116496.35,119311.7,10554.12,1248946431.14
1754697600,2025-08-08,116692.86,117940.29,116360.05,116501.28,7930.51,926558904.04
1754611200,2025-08-07,117522.28,117698.38,115895.35,116692.86,14582.39,1702088353.29
1754524800,2025-08-06,115038.45,117690.87,114288.63,117522.28,16359.62,1904030478.64
1754438400,2025-08-05,114127.63,115748.22,113364.73,115038.45,14480.66,1659630182.7
1754352000,2025-08-04,115065.9,115111.39,112629.49,114127.63,16922.91,1925704360.18
1754265600,2025-08-03,114238.83,115744.56,114140.41,115065.9,14470.62,1662390456.96
1754179200,2025-08-02,112546.32,114803.51,111925.95,114238.83,8326.85,947196437.08
1754092800,2025-08-01,113263.48,114033.98,112006.36,112546.32,12452.57,1407609649.0
1754006400,2025-07-31,115765.36,116060.68,112682.82,113263.48,33588.86,3851719228.71
1753920000,2025-07-30,117853.3,118927.15,115493.77,115765.36,16934.89,1991848800.07
1753833600,2025-07-29,117942.11,118800.1,115769.47,117853.3,18335.33,2153325010.48
1753747200,2025-07-28,118059.92,119285.96,116933.73,117942.11,17580.06,2073820445.19
1753660800,2025-07-27,119468.71,119835.44,117403.28,118059.92,18092.6,2142740462.44
1753574400,2025-07-26,117971.27,119808.28,117872.15,119468.71,10341.68,1228024808.19
1753488000,2025-07-25,117644.11,118355.11,117143.68,117971.27,10959.83,1291296798.52
1753401600,2025-07-24,118397.33,118523.27,114756.37,117644.11,47767.94,5546818211.88
1753315200,2025-07-23,118808.78,119555.88,117214.42,118397.33,17930.71,2128340080.84
1753228800,2025-07-22,120023.5,120167.5,117361.89,118808.78,17163.7,2029832616.05
1753142400,2025-07-21,117441.75,120298.65,116186.23,120023.5,21981.53,2607540535.18
1753056000,2025-07-20,117328.61,119712.2,116581.7,117441.75,18543.72,2187836280.67
1752969600,2025-07-19,117913.27,118903.91,116533.22,117328.61,9166.19,1081488186.29
1752883200,2025-07-18,118025.92,118572.53,117339.41,117913.27,6706.12,791893576.81
1752796800,2025-07-17,119282.74,120911.16,116902.92,118025.92,26111.51,3096339405.33
1752710400,2025-07-16,118700.37,121020.95,117485.98,119282.74,25218.52,3000532789.4
1752624000,2025-07-15,117777.9,120122.22,117043.92,118700.37,27837.68,3310853209.79
1752537600,2025-07-14,119869.01,119958.94,115709.64,117777.9,50123.19,5881848280.87
1752451200,2025-07-13,119127.66,123220.28,118951.55,119869.01,31361.7,3784774921.45
1752364800,2025-07-12,117468.16,119503.56,117264.6,119127.66,9553.52,1133368267.75
1752278400,2025-07-11,117573.92,118239.99,116954.09,117468.16,7395.67,869899617.34
1752192000,2025-07-10,116023.34,118890.32,115236.69,117573.92,26050.27,3060911543.15
1752105600,2025-07-09,111291.7,116848.31,110555.52,116023.34,31905.27,3616719327.76
1752019200,2025-07-08,108955.05,112077.21,108341.92,111291.7,19761.34,2177951432.55
1751932800,2025-07-07,108277.16,109248.31,107445.04,108955.05,12122.12,1316408874.89
1751846400,2025-07-06,109233.93,109737.83,107513.97,108277.16,13350.41,1447160434.07
1751760000,2025-07-05,108244.51,109728.96,107846.02,109233.93,5651.56,614763572.9
1751673600,2025-07-04,108027.71,108444.73,107798.16,108244.51,3465.16,374668091.72
1751587200,2025-07-03,109638.97,109810.02,107283.92,108027.71,10440.09,1130647600.78
1751500800,2025-07-02,108886.62,110584.4,108579.56,109638.97,16647.63,1825182141.8
1751414400,2025-07-01,105724.18,109818.47,105143.1,108886.62,19611.45,2124516059.08
1751328000,2025-06-30,107169.82,107574.08,105295.02,105724.18,15730.48,1673173144.76
1751241600,2025-06-29,108391.87,108815.66,106756.38,107169.82,14220.51,1530756559.33
1751155200,2025-06-28,107346.44,108538.36,107233.58,108391.87,6094.35,657403121.35
1751068800,2025-06-27,107105.16,107591.48,106884.15,107346.44,3472.45,372614444.73
1750982400,2025-06-26,107012.17,107793.99,106421.82,107105.16,16821.31,1799885723.45
1750896000,2025-06-25,107399.88,108330.6,106605.5,107012.17,14664.25,1575810932.89
1750809600,2025-06-24,106133.25,108196.78,105880.48,107399.88,19838.91,2128340951.52
1750723200,2025-06-23,105423.73,106358.78,104710.65,106133.25,19908.29,2099787246.67
1750636800,2025-06-22,101015.42,106134.09,99685.07,105423.73,35198.88,3606601777.41
1750550400,2025-06-21,102165.68,103430.09,98264.46,101015.42,30700.21,3086806069.73
1750464000,2025-06-20,103313.31,104021.01,100925.53,102165.68,11217.17,1151399558.13
1750377600,2025-06-19,104699.72,106559.45,102367.77,103313.31,17700.79,1845670588.12
1750291200,2025-06-18,104927.87,105264.38,103951.44,104699.72,9905.95,1036540458.21
1750204800,2025-06-17,104598.68,105579.84,103547.15,104927.87,18605.58,1945024806.28
1750118400,2025-06-16,106855.39,107795.31,103378.64,104598.68,22652.14,2383744168.87
1750032000,2025-06-15,105625.23,109014.33,105016.81,106855.39,17191.01,1846109491.24
1749945600,2025-06-14,105481.13,106189.63,104546.11,105625.23,6583.09,693686973.05
1749859200,2025-06-13,106121.08,106260.08,104386.29,105481.13,7543.44,792948934.46
1749772800,2025-06-12,105726.04,106224.76,102773.14,106121.08,27266.37,2853509529.91
1749686400,2025-06-11,108676.78,108843.81,105721.73,105726.04,18051.35,1937273976.29
1749600000,2025-06-10,110296.2,110425.64,108096.82,108676.78,14497.2,1585492756.74
1749513600,2025-06-09,110302.12,110403.6,108373.44,110296.2,15646.83,1712252251.27
1749427200,2025-06-08,105779.28,110543.89,105372.62,110302.12,17851.91,1927020528.87
1749340800,2025-06-07,105625.23,106537.25,105042.03,105779.28,5871.71,621667329.31
1749254400,2025-06-06,104392.54,105974.42,103976.29,105625.23,8589.54,903776492.08
1749168000,2025-06-05,101580.61,105426.24,101174.97,104392.54,23040.48,2391698461.05
1749081600,2025-06-04,104746.0,105975.11,100418.61,101580.61,27489.96,2835254363.62
1748995200,2025-06-03,105447.66,106044.55,104206.69,104746.0,12621.93,1327155925.5
1748908800,2025-06-02,105908.79,106888.12,104926.88,105447.66,15596.95,1652394373.05
1748822400,2025-06-01,105702.19,105988.22,103708.71,105908.79,15178.71,1589665625.81
1748736000,2025-05-31,104654.65,105924.77,103823.88,105702.19,7524.76,788781340.28
1748649600,2025-05-30,104039.27,104959.61,103127.75,104654.65,8552.6,890138427.14
1748563200,2025-05-29,105586.78,106348.19,103650.43,104039.27,23541.73,2473658024.71
1748476800,2025-05-28,107821.11,108929.95,105327.79,105586.78,24372.04,2610280801.53
1748390400,2025-05-27,108975.95,109328.61,106799.94,107821.11,18610.56,2010518282.08
1748304000,2025-05-26,109461.24,110802.2,107543.83,108975.95,22990.09,2520257081.13
1748217600,2025-05-25,109041.44,110459.23,108718.82,109461.24,14310.31,1568531304.43
1748131200,2025-05-24,107779.46,109349.07,106643.02,109041.44,10033.32,1080850082.19
1748044800,2025-05-23,107332.91,109512.56,106896.28,107779.46,8974.86,972112098.0
1747958400,2025-05-22,111722.11,111810.26,106807.62,107332.91,25390.32,2775108378.21
1747872000,2025-05-21,109699.86,111998.96,109250.4,111722.11,25391.66,2820234493.39
1747785600,2025-05-20,106875.88,110778.49,106133.62,109699.86,38005.12,4104199576.95
1747699200,2025-05-19,105618.19,107339.72,104220.59,106875.88,19460.7,2062199314.32
1747612800,2025-05-18,106488.62,107117.46,102104.37,105618.19,23756.73,2480463388.93
1747526400,2025-05-17,103159.32,106670.63,103144.58,106488.62,12986.86,1361010736.04
1747440000,2025-05-16,103499.6,103729.29,102642.39,103159.32,5830.13,601366594.09
1747353600,2025-05-15,103787.64,104594.19,103138.18,103499.6,14498.25,1506289579.07
1747267200,2025-05-14,103543.76,104197.65,101407.14,103787.64,17867.52,1837798016.09
1747180800,2025-05-13,104136.59,104357.47,102615.68,103543.76,16577.27,1716689620.72
